assessment_id,PM01,PM02,PM03,PM04,PM05,AUTH01,AUTH02,AUTH03,AUTH04,AUTH05,PHISH01,PHISH02,PHISH03,PHISH04,PHISH05,SOC01,SOC02,SOC03,SOC04,SOC05,password_length,has_uppercase,has_lowercase,has_number,has_symbol,common_pattern_detected,repeated_characters,estimated_entropy,password_score,strength_label,PM_category_score,AUTH_category_score,PHISH_category_score,SOC_category_score,behaviour_score,overall_risk_score,risk_probability,risk_level,is_synthetic
1,0,4,4,2,0,4,1,0,0,1,3,2,4,0,3,0,3,3,4,0,9,True,True,True,False,False,False,53.6,100.0,Strong,10.0,31.2,61.2,40.0,34.1,20.5,0.205,Low,True
2,4,0,0,1,0,0,4,0,4,0,2,3,0,0,1,2,2,3,2,0,9,True,True,False,False,False,False,51.3,95.5,Strong,80.0,100.0,53.8,37.5,69.9,43.7,0.437,Moderate,True
3,1,3,4,3,0,4,3,0,0,2,1,1,0,0,2,1,2,3,3,0,13,False,True,True,False,False,False,67.2,100.0,Strong,15.0,37.5,45.0,36.2,32.4,19.4,0.194,Low,True
4,1,2,0,2,0,4,2,4,0,2,2,4,0,0,1,2,1,3,1,4,8,True,True,True,True,False,False,52.4,100.0,Strong,48.8,17.5,60.0,42.5,42.5,25.5,0.255,Low,True
5,3,1,0,1,4,0,3,0,0,0,1,4,4,0,1,4,4,2,4,4,7,False,True,True,True,False,True,29.8,39.7,Weak,85.0,75.0,91.2,90.0,85.1,75.2,0.752,High,True
6,4,2,0,0,4,0,4,0,4,0,0,4,0,0,0,4,3,1,3,4,4,False,True,True,False,True,True,3.6,0.0,Weak,92.5,100.0,75.0,85.0,88.5,93.1,0.931,High,True
7,3,1,0,2,4,4,4,4,4,2,2,1,0,0,3,2,3,1,4,4,5,True,True,True,False,False,False,29.8,49.7,Moderate,80.0,47.5,36.2,77.5,60.4,56.4,0.564,Moderate,True
8,0,2,4,2,0,0,3,0,4,4,0,4,0,4,0,3,3,2,3,0,6,False,True,True,True,True,False,9.1,0.0,Weak,17.5,80.0,60.0,58.8,52.0,71.2,0.712,High,True
9,2,3,4,4,4,4,4,0,4,0,1,3,4,0,3,1,0,2,2,4,13,True,True,True,False,False,False,77.4,100.0,Strong,31.2,70.0,80.0,41.2,55.1,33.1,0.331,Low,True
10,3,0,0,1,4,4,4,0,4,1,1,4,4,0,2,4,4,0,2,4,7,False,True,False,False,True,False,8.2,0.0,Weak,88.8,66.2,88.8,90.0,83.4,90.0,0.9,High,True
11,3,2,4,1,0,0,3,0,4,1,3,1,0,0,3,3,3,2,2,4,7,False,True,True,False,True,False,9.0,0.0,Weak,41.2,91.2,30.0,68.8,56.4,73.8,0.738,High,True
12,4,2,4,3,4,4,1,4,0,2,2,2,4,4,3,2,1,4,0,0,9,True,True,True,False,False,False,53.6,100.0,Strong,52.5,12.5,52.5,17.5,35.5,21.3,0.213,Low,True
13,2,1,0,2,4,4,4,0,0,2,1,4,4,4,2,2,2,2,1,0,7,False,True,True,False,False,False,36.2,55.3,Moderate,73.8,42.5,73.8,37.5,58.7,53.1,0.531,Moderate,True
14,0,2,0,2,0,4,2,0,0,4,4,0,0,0,3,3,3,3,1,4,11,True,True,False,False,False,False,62.7,100.0,Strong,42.5,25.0,17.5,58.8,35.1,21.1,0.211,Low,True
15,1,3,0,3,0,0,2,0,4,3,1,2,4,0,2,3,4,0,3,4,10,False,True,False,False,False,False,47.0,83.3,Strong,40.0,78.8,76.2,88.8,68.5,47.8,0.478,Moderate,True
16,4,0,0,1,4,4,1,0,4,2,2,3,4,0,2,4,2,1,3,4,10,True,True,False,True,False,False,63.9,100.0,Strong,95.0,47.5,76.2,80.0,75.4,45.2,0.452,Moderate,True
17,4,0,0,0,4,0,2,4,4,2,2,3,0,4,1,2,2,2,1,0,4,False,True,False,False,False,False,18.8,21.3,Weak,100.0,67.5,38.8,37.5,64.1,69.9,0.699,Moderate,True
18,3,2,4,2,4,4,3,0,4,1,1,4,0,0,1,3,3,3,4,4,10,True,True,True,False,False,True,41.7,74.5,Strong,51.2,61.2,66.2,73.8,62.0,47.4,0.474,Moderate,True
19,2,3,0,2,4,0,3,0,4,2,2,3,4,0,3,3,2,0,2,4,8,True,True,True,False,False,False,47.6,94.3,Strong,66.2,87.5,73.8,73.8,74.9,47.2,0.472,Moderate,True
20,4,1,0,0,0,0,3,0,0,2,3,1,0,4,1,1,1,3,1,0,6,True,True,True,False,True,False,8.9,0.0,Weak,81.2,67.5,20.0,21.2,50.5,70.3,0.703,High,True
21,1,3,4,2,4,0,4,0,0,0,3,3,4,0,1,3,4,0,3,4,12,False,True,False,True,False,False,70.3,100.0,Strong,35.0,80.0,72.5,88.8,66.4,39.8,0.398,Low,True
22,3,2,4,1,0,4,4,0,4,2,1,3,0,0,1,4,2,0,4,4,7,False,True,True,False,False,True,25.3,27.2,Weak,41.2,62.5,60.0,90.0,61.0,65.7,0.657,Moderate,True
23,1,3,4,2,4,0,0,4,0,2,4,2,0,4,4,1,0,4,0,4,10,False,True,True,False,True,False,12.9,11.5,Weak,35.0,37.5,12.5,21.2,27.2,51.7,0.517,Moderate,True
24,4,1,4,1,4,0,4,4,0,0,3,1,4,4,4,3,3,2,3,4,5,False,True,True,False,False,False,25.8,38.0,Weak,66.2,65.0,37.5,73.8,60.2,60.9,0.609,Moderate,True
25,3,3,0,2,0,4,3,0,4,2,0,3,4,0,1,1,3,0,1,4,9,False,True,False,False,False,False,42.3,75.5,Strong,57.5,57.5,91.2,61.2,66.7,49.8,0.498,Moderate,True
26,4,2,0,1,4,4,2,0,0,3,3,3,0,4,2,2,3,2,3,4,4,False,True,True,True,False,False,24.3,40.5,Moderate,87.5,28.8,30.0,67.5,54.4,56.4,0.564,Moderate,True
27,0,3,4,4,4,4,2,4,4,3,2,4,4,4,0,0,0,2,3,0,11,True,True,False,True,False,False,70.3,100.0,Strong,18.8,33.8,72.5,25.0,37.2,22.3,0.223,Low,True
28,3,0,4,2,4,0,2,0,4,0,3,1,4,4,3,1,1,3,1,0,10,True,True,False,True,True,False,16.0,21.7,Weak,58.8,90.0,40.0,21.2,54.4,64.0,0.64,Moderate,True
29,2,2,4,1,4,0,3,0,0,2,3,1,0,4,4,3,2,3,2,4,10,False,True,True,True,True,True,10.7,2.8,Weak,50.0,67.5,12.5,58.8,46.8,67.0,0.67,Moderate,True
30,2,3,4,4,0,0,1,0,4,3,1,0,0,0,3,2,3,1,1,4,10,True,True,True,False,False,False,59.5,100.0,Strong,16.2,73.8,36.2,62.5,44.9,26.9,0.269,Low,True
31,0,4,4,4,0,0,2,0,0,3,2,1,0,4,3,1,1,4,1,0,10,False,True,True,True,False,False,60.9,100.0,Strong,0.0,58.8,21.2,16.2,23.2,13.9,0.139,Low,True
32,2,2,0,2,4,0,2,0,4,1,2,3,4,0,0,3,2,1,3,0,8,True,True,True,True,False,False,52.4,100.0,Strong,70.0,86.2,81.2,58.8,74.6,44.8,0.448,Moderate,True
33,2,2,4,2,0,4,1,0,4,0,2,2,0,0,1,1,4,2,3,0,8,True,True,True,False,False,False,47.6,94.3,Strong,30.0,55.0,47.5,51.2,44.9,29.2,0.292,Low,True
34,3,3,0,1,0,0,3,0,4,2,2,1,4,4,1,3,4,1,4,0,6,False,True,False,False,True,False,7.1,0.0,Weak,62.5,87.5,51.2,73.8,68.2,80.9,0.809,High,True
35,3,1,0,3,0,0,1,4,0,1,1,4,4,0,1,1,2,3,2,0,5,True,True,True,True,False,False,32.8,59.7,Moderate,60.0,46.2,91.2,31.2,58.6,51.3,0.513,Moderate,True
36,1,3,4,3,4,4,0,4,0,4,1,2,0,0,3,1,0,4,0,0,8,False,True,False,True,False,False,46.9,88.2,Strong,30.0,0.0,48.8,6.2,22.4,18.2,0.182,Low,True
37,3,2,4,3,4,0,3,4,0,2,3,3,4,0,3,3,1,2,3,0,10,False,True,False,False,False,True,32.9,49.8,Moderate,46.2,52.5,67.5,48.8,53.6,52.2,0.522,Moderate,True
38,1,4,4,2,0,0,3,0,0,3,0,4,0,0,2,2,3,0,3,4,9,False,True,True,False,False,False,46.5,87.5,Strong,16.2,63.8,70.0,77.5,53.8,37.3,0.373,Low,True
39,4,0,4,2,4,4,1,4,4,3,1,4,4,0,0,3,2,3,2,0,10,False,True,True,False,False,False,51.7,96.2,Strong,65.0,28.8,93.8,43.8,58.9,36.9,0.369,Low,True
40,4,1,0,2,4,0,2,0,0,3,1,3,4,0,1,1,1,1,3,4,11,True,True,True,True,False,False,72.1,100.0,Strong,86.2,58.8,85.0,56.2,73.1,43.9,0.439,Moderate,True
41,2,4,4,3,4,4,2,4,0,1,2,0,0,0,3,0,2,2,1,0,9,True,True,True,False,False,False,53.6,100.0,Strong,32.5,21.2,30.0,25.0,27.6,16.6,0.166,Low,True
42,2,3,4,3,4,4,3,4,4,2,2,0,0,4,3,2,3,2,3,4,7,False,True,False,False,True,False,8.2,0.0,Weak,36.2,42.5,15.0,67.5,38.8,63.3,0.633,Moderate,True
43,2,2,4,2,4,4,3,0,0,2,0,3,4,0,1,3,2,2,4,4,10,True,True,True,False,False,False,59.5,100.0,Strong,45.0,37.5,91.2,73.8,60.4,36.2,0.362,Low,True
44,4,1,0,1,4,0,4,0,4,3,3,0,0,4,2,1,2,1,3,4,8,True,True,False,False,False,False,45.6,86.0,Strong,91.2,88.8,11.2,61.2,64.6,44.4,0.444,Moderate,True
45,4,2,0,2,4,0,3,0,4,0,4,2,0,4,3,0,2,4,1,0,8,True,True,False,False,False,True,31.9,53.2,Moderate,82.5,95.0,15.0,15.0,55.2,51.8,0.518,Moderate,True
46,2,2,0,1,0,4,1,4,0,4,1,2,0,0,2,1,0,3,2,4,11,False,True,True,True,False,False,67.0,100.0,Strong,60.0,5.0,51.2,36.2,39.3,23.6,0.236,Low,True
47,3,2,0,0,4,4,1,4,4,3,1,1,0,0,2,2,1,2,1,0,8,False,True,False,False,False,False,37.6,67.7,Moderate,86.2,28.8,45.0,32.5,50.8,43.4,0.434,Moderate,True
48,2,2,0,2,4,4,1,4,0,1,2,2,4,4,1,2,4,1,3,0,9,True,True,False,False,True,False,12.8,11.3,Weak,70.0,16.2,57.5,62.5,51.9,66.6,0.666,Moderate,True
49,3,3,0,1,4,4,1,0,4,3,2,0,0,0,3,1,1,3,3,4,8,True,True,False,True,True,False,12.8,16.3,Weak,77.5,43.8,30.0,46.2,50.9,64.0,0.64,Moderate,True
50,2,3,0,1,4,4,1,0,0,3,4,0,0,0,4,2,0,4,2,4,10,False,True,True,False,True,False,12.9,11.5,Weak,71.2,23.8,15.0,37.5,38.6,58.6,0.586,Moderate,True
51,0,3,4,3,4,0,1,4,0,2,2,4,4,4,1,3,2,2,1,4,9,True,True,False,True,True,False,14.4,19.0,Weak,23.8,42.5,70.0,58.8,47.0,60.6,0.606,Moderate,True
52,1,3,4,0,0,4,1,4,4,0,2,2,4,4,2,3,3,1,3,4,4,False,True,False,False,True,True,3.3,0.0,Weak,30.0,40.0,55.0,78.8,48.5,69.1,0.691,Moderate,True
53,3,1,0,1,4,0,2,0,4,0,1,3,4,0,3,2,2,3,2,4,7,True,True,False,False,True,False,10.0,0.0,Weak,85.0,90.0,80.0,52.5,78.5,87.1,0.871,High,True
54,1,3,4,0,4,0,2,4,0,3,4,2,0,0,1,2,3,0,3,0,4,False,True,False,False,True,True,3.3,0.0,Weak,45.0,43.8,35.0,62.5,45.7,67.4,0.674,Moderate,True
55,0,2,4,2,0,4,2,4,0,3,0,3,4,0,0,3,3,2,3,0,9,True,True,False,False,False,False,51.3,95.5,Strong,17.5,13.8,93.8,58.8,43.9,28.1,0.281,Low,True
56,2,0,0,2,4,0,2,0,4,3,4,3,4,4,2,3,3,0,3,4,9,True,True,True,False,False,True,37.5,67.5,Moderate,77.5,78.8,48.8,83.8,71.9,56.1,0.561,Moderate,True
57,3,1,0,1,4,4,3,0,4,1,3,2,0,4,3,3,3,2,3,0,8,False,True,True,False,False,True,29.0,48.3,Moderate,85.0,61.2,21.2,58.8,57.9,55.4,0.554,Moderate,True
58,1,3,4,3,0,4,1,0,4,4,2,2,0,4,2,1,3,2,1,4,9,True,True,False,True,True,False,14.4,19.0,Weak,15.0,40.0,30.0,51.2,32.2,51.7,0.517,Moderate,True
59,3,0,4,0,0,0,3,0,4,1,0,2,4,4,4,2,4,1,3,0,10,False,True,True,False,False,False,51.7,96.2,Strong,53.8,91.2,62.5,62.5,67.1,41.8,0.418,Moderate,True
60,1,3,4,4,4,4,2,4,0,4,3,0,0,0,3,0,2,3,2,0,14,False,True,False,False,False,True,46.1,71.8,Strong,25.0,10.0,23.8,25.0,20.9,23.8,0.238,Low,True
61,4,1,0,1,4,0,3,0,4,0,0,4,4,0,0,4,4,0,4,4,8,False,True,True,False,True,False,10.3,7.2,Weak,91.2,95.0,100.0,100.0,96.1,94.8,0.948,High,True
62,2,4,0,3,0,0,2,0,4,1,3,0,4,4,3,2,4,1,4,0,10,True,True,True,False,False,False,59.5,100.0,Strong,42.5,86.2,33.8,67.5,56.2,33.7,0.337,Low,True
63,3,1,0,2,4,0,3,0,4,2,1,3,0,4,2,2,3,1,1,4,12,True,True,False,False,False,True,47.9,79.8,Strong,80.0,87.5,42.5,62.5,69.0,49.5,0.495,Moderate,True
64,1,2,4,2,4,0,0,0,0,3,3,1,0,0,3,2,3,1,3,4,8,False,True,False,False,False,True,26.3,38.8,Weak,38.8,48.8,30.0,72.5,45.8,52.0,0.52,Moderate,True
65,1,1,0,2,0,0,3,4,0,2,3,0,0,4,3,2,2,2,3,4,7,True,True,True,True,False,False,45.9,81.5,Strong,52.5,52.5,8.8,62.5,43.6,33.6,0.336,Low,True
66,1,3,0,1,4,4,2,4,0,2,3,1,0,0,2,1,3,3,1,0,8,False,True,False,False,False,False,37.6,67.7,Moderate,65.0,17.5,32.5,31.2,38.2,35.8,0.358,Low,True
67,3,0,4,1,4,4,4,0,4,1,0,2,0,4,2,4,1,2,3,0,9,True,True,True,False,True,False,13.4,17.3,Weak,63.8,66.2,42.5,55.0,57.3,67.5,0.675,Moderate,True
68,2,0,0,3,4,4,1,0,4,2,0,2,4,0,2,2,4,2,2,4,11,False,True,True,False,False,False,56.9,100.0,Strong,72.5,47.5,82.5,67.5,67.8,40.7,0.407,Moderate,True
69,1,4,4,2,4,4,1,4,4,4,3,2,0,4,3,0,2,2,1,4,11,True,True,True,False,False,True,45.8,81.3,Strong,31.2,25.0,21.2,40.0,28.9,24.8,0.248,Low,True
70,2,1,0,1,4,0,2,0,0,2,4,2,0,0,2,3,3,0,4,4,6,False,True,False,True,False,False,35.1,53.5,Moderate,78.8,62.5,32.5,88.8,65.1,57.7,0.577,Moderate,True
71,3,1,0,0,0,0,4,4,4,0,0,2,4,0,2,2,2,1,3,4,4,True,True,False,False,False,False,22.8,33.0,Weak,75.0,85.0,82.5,67.5,77.9,73.5,0.735,High,True
72,3,2,4,0,4,4,0,0,0,3,1,3,4,0,0,2,1,3,2,0,5,False,True,False,False,True,False,5.9,0.0,Weak,61.2,18.8,87.5,32.5,51.4,70.8,0.708,High,True
73,4,0,0,0,4,0,3,4,0,1,0,3,4,0,1,3,4,0,4,4,8,False,True,False,False,False,True,26.3,38.8,Weak,100.0,56.2,91.2,93.8,85.6,75.8,0.758,High,True
74,3,2,0,1,0,4,3,0,4,1,2,3,4,4,3,1,2,1,1,4,6,False,True,True,False,False,False,31.0,46.7,Moderate,66.2,61.2,58.8,51.2,60.1,57.4,0.574,Moderate,True
75,2,3,4,0,4,4,3,4,0,0,2,1,4,0,1,1,2,2,2,4,4,False,True,True,False,True,False,5.2,0.0,Weak,51.2,30.0,66.2,51.2,49.7,69.8,0.698,Moderate,True
76,1,3,4,2,0,4,1,4,0,3,1,3,4,0,1,3,2,3,1,4,9,True,True,False,False,False,False,51.3,95.5,Strong,20.0,8.8,85.0,53.8,40.2,25.9,0.259,Low,True
77,2,1,4,0,4,0,0,0,4,1,2,1,4,0,2,1,1,2,1,0,5,True,True,False,False,True,False,7.1,0.0,Weak,58.8,76.2,63.8,26.2,57.9,74.7,0.747,High,True
78,1,3,4,2,0,0,3,4,4,1,0,4,4,0,0,3,3,3,3,4,5,False,True,False,True,False,False,29.3,43.8,Moderate,20.0,76.2,100.0,68.8,63.8,60.8,0.608,Moderate,True
79,3,1,0,2,0,0,1,4,0,2,2,1,0,0,1,1,3,0,4,4,9,True,True,True,False,False,True,37.5,67.5,Moderate,65.0,42.5,41.2,76.2,55.7,46.4,0.464,Moderate,True
80,4,1,0,0,4,4,2,0,4,2,1,3,4,4,2,2,1,2,2,4,6,False,True,True,False,True,False,7.8,0.0,Weak,96.2,52.5,67.5,52.5,69.4,81.6,0.816,High,True
81,2,0,4,4,4,4,1,4,0,3,3,0,4,0,3,2,1,3,2,0,15,True,True,True,True,False,False,98.3,100.0,Strong,42.5,8.8,48.8,32.5,33.6,20.2,0.202,Low,True
82,3,0,0,1,0,0,4,0,4,0,0,3,0,0,0,4,4,1,2,4,8,False,True,False,False,True,True,6.6,0.0,Weak,73.8,100.0,68.8,85.0,81.3,88.8,0.888,High,True
83,3,1,4,2,0,4,3,4,4,1,2,1,4,0,2,2,2,3,2,0,10,False,True,True,False,True,False,12.9,11.5,Weak,40.0,46.2,63.8,37.5,47.0,63.6,0.636,Moderate,True
84,3,1,4,1,0,4,2,4,4,1,1,3,4,4,1,3,3,0,3,0,8,True,True,True,False,False,False,47.6,94.3,Strong,45.0,41.2,70.0,68.8,55.1,35.3,0.353,Low,True
85,3,1,0,0,0,4,4,0,4,2,0,3,4,0,0,3,4,1,4,4,5,False,True,False,False,False,True,16.5,7.5,Weak,75.0,62.5,93.8,88.8,79.3,84.6,0.846,High,True
86,2,1,0,3,0,4,2,0,0,2,3,1,4,4,2,2,2,3,3,0,9,True,True,True,True,False,False,59.0,100.0,Strong,53.8,32.5,42.5,42.5,43.4,26.0,0.26,Low,True
87,2,0,0,1,0,0,2,0,0,2,1,3,4,0,1,4,3,0,3,4,10,False,True,True,False,False,False,51.7,96.2,Strong,67.5,62.5,85.0,90.0,75.1,46.6,0.466,Moderate,True
88,1,1,4,3,4,0,4,0,4,1,4,2,0,4,3,1,3,1,3,4,12,True,True,False,True,False,False,76.7,100.0,Strong,37.5,96.2,15.0,66.2,52.3,31.4,0.314,Low,True
89,4,1,0,0,4,4,0,0,0,2,2,2,0,0,0,0,0,4,2,0,4,False,True,True,False,True,False,5.2,0.0,Weak,96.2,22.5,50.0,10.0,49.0,69.4,0.694,Moderate,True
90,4,1,0,1,4,0,3,0,4,1,1,3,4,0,3,3,3,1,4,0,5,False,True,False,False,False,False,23.5,29.2,Weak,91.2,91.2,80.0,68.8,83.9,78.7,0.787,High,True
91,1,4,0,3,0,4,2,0,4,3,2,1,0,4,3,2,1,2,1,0,8,True,True,False,True,False,False,51.1,100.0,Strong,36.2,48.8,21.2,32.5,34.9,20.9,0.209,Low,True
92,0,2,4,4,0,4,2,4,0,3,2,2,0,0,4,1,3,2,2,4,14,True,True,True,False,False,False,83.4,100.0,Strong,7.5,13.8,40.0,56.2,26.9,16.1,0.161,Low,True
93,2,1,4,0,4,0,3,0,4,2,3,2,0,0,4,0,3,1,2,4,4,False,True,True,False,False,True,14.5,9.2,Weak,58.8,87.5,33.8,55.0,58.9,71.7,0.717,High,True
94,3,1,0,1,4,4,1,0,4,2,0,1,4,0,0,3,2,3,2,4,10,False,True,False,False,True,False,11.8,4.7,Weak,85.0,47.5,81.2,58.8,69.4,79.8,0.798,High,True
95,4,1,0,0,4,0,3,0,4,1,0,3,4,0,0,3,2,3,1,4,7,False,True,False,False,False,False,32.9,44.8,Moderate,96.2,91.2,93.8,53.8,85.9,73.6,0.736,High,True
96,3,1,0,2,0,4,2,0,0,2,0,3,4,0,0,1,2,2,2,4,9,True,True,False,False,False,False,51.3,95.5,Strong,65.0,32.5,93.8,51.2,61.3,38.6,0.386,Low,True
97,2,2,4,3,0,0,2,0,0,2,1,2,4,4,0,3,2,0,3,4,9,True,True,True,False,False,False,53.6,100.0,Strong,25.0,62.5,66.2,78.8,55.4,33.2,0.332,Low,True
98,2,1,0,1,4,0,2,0,4,1,0,2,4,0,2,3,4,1,2,4,10,True,True,False,False,False,False,57.0,100.0,Strong,78.8,86.2,82.5,78.8,81.6,49.0,0.49,Moderate,True
99,1,2,0,3,4,4,1,4,0,4,4,0,0,4,4,2,0,2,1,4,11,True,True,True,True,False,False,72.1,100.0,Strong,58.8,5.0,0.0,42.5,27.4,16.4,0.164,Low,True
100,3,1,4,1,4,0,2,0,4,1,1,2,4,0,2,4,3,0,4,0,4,False,True,True,False,True,False,5.2,0.0,Weak,60.0,86.2,76.2,80.0,74.6,84.8,0.848,High,True
101,3,0,0,2,4,4,1,4,0,2,3,1,4,0,1,3,1,3,1,0,6,True,True,True,True,False,False,39.3,70.5,Strong,83.8,12.5,60.0,33.8,50.0,41.8,0.418,Moderate,True
102,1,3,4,2,0,4,1,0,4,2,1,3,4,4,2,4,0,1,2,0,5,False,True,True,True,False,False,30.4,50.7,Moderate,20.0,47.5,67.5,50.0,44.8,46.6,0.466,Moderate,True
103,3,1,0,1,4,4,2,0,4,0,3,1,4,0,3,3,0,2,2,4,11,True,True,True,True,True,False,18.0,30.0,Weak,85.0,60.0,55.0,53.8,65.0,67.0,0.67,Moderate,True
104,2,4,4,2,4,4,3,0,0,3,4,0,0,4,3,2,1,4,2,0,12,True,True,True,True,False,False,78.7,100.0,Strong,37.5,33.8,2.5,27.5,25.8,15.5,0.155,Low,True
105,2,3,4,2,0,0,3,0,4,3,1,2,4,0,0,1,3,1,2,4,11,True,True,True,False,False,False,65.5,100.0,Strong,26.2,83.8,81.2,61.2,61.4,36.8,0.368,Low,True
106,3,3,0,3,0,0,3,4,0,2,2,2,0,0,2,3,3,2,3,0,10,True,True,True,True,False,False,65.5,100.0,Strong,52.5,52.5,45.0,58.8,51.9,31.1,0.311,Low,True
107,4,0,0,0,0,4,4,0,4,2,2,4,4,0,0,2,1,1,2,4,4,True,True,True,False,False,False,23.8,39.7,Weak,85.0,62.5,87.5,57.5,74.5,68.8,0.688,Moderate,True
108,3,2,4,3,0,4,2,0,0,2,0,3,0,0,0,3,3,0,4,4,8,True,True,True,False,False,False,47.6,94.3,Strong,31.2,32.5,68.8,88.8,52.4,33.7,0.337,Low,True
109,2,3,4,3,0,0,3,4,0,3,3,3,4,4,1,2,3,3,0,4,8,True,True,True,False,False,False,47.6,94.3,Strong,21.2,48.8,57.5,47.5,42.4,27.7,0.277,Low,True
110,4,1,0,1,0,4,4,0,0,2,0,4,4,0,0,3,3,0,3,4,8,False,True,False,False,False,False,37.6,67.7,Moderate,76.2,42.5,100.0,83.8,75.2,58.0,0.58,Moderate,True
111,1,1,4,2,4,0,2,0,4,2,1,3,4,4,0,1,2,1,1,0,12,True,True,False,False,False,False,68.4,100.0,Strong,42.5,82.5,72.5,36.2,58.8,35.3,0.353,Low,True
112,3,2,0,2,0,4,0,4,0,3,4,1,0,4,4,2,4,3,0,0,12,True,True,True,False,False,True,50.0,88.3,Strong,61.2,3.8,6.2,37.5,28.4,21.7,0.217,Low,True
113,2,3,4,1,0,0,4,0,4,1,3,1,4,4,2,4,2,1,3,4,7,False,True,False,False,True,False,8.2,0.0,Weak,31.2,96.2,42.5,80.0,60.1,76.1,0.761,High,True
114,4,0,0,1,4,4,2,0,4,2,0,2,4,0,2,4,3,0,4,4,4,True,True,False,False,False,True,16.0,11.7,Weak,95.0,52.5,82.5,95.0,81.2,84.0,0.84,High,True
115,1,4,4,2,0,4,1,0,0,3,2,3,4,4,0,3,3,2,2,4,6,True,True,False,True,True,False,9.6,0.0,Weak,16.2,23.8,66.2,68.8,41.1,64.7,0.647,Moderate,True
116,4,1,4,1,4,0,3,0,0,1,2,3,4,4,0,2,4,3,4,4,10,False,True,True,False,True,True,9.0,0.0,Weak,66.2,71.2,66.2,72.5,68.8,81.3,0.813,High,True
117,3,3,0,4,4,4,1,4,0,3,3,1,0,4,2,2,1,2,1,4,12,True,True,True,False,False,False,71.5,100.0,Strong,62.5,8.8,17.5,47.5,34.8,20.9,0.209,Low,True
118,3,3,0,0,0,4,1,0,0,3,4,3,4,4,1,3,2,1,3,4,6,False,True,False,False,True,False,7.1,0.0,Weak,67.5,23.8,51.2,73.8,53.8,72.3,0.723,High,True
119,1,3,4,3,0,4,0,4,0,4,4,0,0,4,3,0,1,3,1,4,9,False,True,True,False,False,False,46.5,87.5,Strong,15.0,0.0,2.5,30.0,11.1,11.7,0.117,Low,True
120,1,2,4,1,4,0,2,0,4,2,2,2,4,4,3,3,4,1,3,0,6,True,True,False,True,False,False,38.4,64.0,Moderate,43.8,82.5,52.5,68.8,60.6,50.8,0.508,Moderate,True
121,2,1,0,3,0,4,3,0,4,0,3,3,0,4,0,3,3,1,3,4,7,True,True,False,True,False,True,31.3,42.2,Moderate,53.8,65.0,35.0,78.8,56.9,57.3,0.573,Moderate,True
122,3,2,0,4,0,4,2,0,0,3,2,4,4,0,1,1,0,4,0,0,16,False,True,True,True,False,False,97.4,100.0,Strong,51.2,28.8,85.0,6.2,45.1,27.1,0.271,Low,True
123,3,2,4,3,0,4,3,0,4,1,0,3,4,0,1,4,3,1,4,4,14,True,True,True,True,False,True,64.2,100.0,Strong,31.2,61.2,91.2,90.0,65.5,39.3,0.393,Low,True
124,0,3,4,3,0,4,0,4,0,4,3,2,4,0,2,0,1,4,0,4,8,True,True,True,False,False,False,47.6,94.3,Strong,8.8,0.0,63.8,20.0,22.6,15.8,0.158,Low,True
125,1,3,4,3,4,4,2,4,0,4,4,1,4,4,3,3,3,1,4,4,6,False,True,True,False,False,False,31.0,46.7,Moderate,30.0,10.0,33.8,83.8,36.7,43.3,0.433,Moderate,True
126,2,4,0,2,0,0,3,0,4,2,1,2,4,4,3,4,1,3,3,4,9,False,True,False,False,True,False,10.6,2.7,Weak,47.5,87.5,58.8,65.0,63.8,77.2,0.772,High,True
127,1,3,0,1,0,0,1,0,0,3,3,1,0,4,4,1,3,2,3,4,7,True,True,False,False,True,False,10.0,0.0,Weak,50.0,53.8,12.5,61.2,43.8,66.3,0.663,Moderate,True
128,3,1,0,2,4,0,3,0,0,2,0,4,0,0,1,4,4,1,3,4,10,True,True,True,True,False,False,65.5,100.0,Strong,80.0,67.5,72.5,90.0,77.0,46.2,0.462,Moderate,True
129,3,1,0,3,4,0,2,4,0,3,0,2,0,0,1,1,1,2,1,0,12,True,True,False,True,False,False,76.7,100.0,Strong,75.0,43.8,60.0,26.2,53.7,32.2,0.322,Low,True
130,4,0,0,1,4,0,2,0,4,1,1,3,4,0,0,3,4,0,4,0,5,True,True,True,False,False,False,29.8,49.7,Moderate,95.0,86.2,87.5,78.8,87.7,72.7,0.727,High,True
131,2,3,0,2,0,4,2,0,0,1,0,1,4,0,3,4,2,0,2,4,12,True,True,True,False,False,False,71.5,100.0,Strong,51.2,36.2,73.8,80.0,58.9,35.3,0.353,Low,True
132,3,1,4,2,4,0,4,0,0,0,2,4,4,4,1,3,3,0,3,4,8,False,True,True,False,False,False,41.4,79.0,Strong,55.0,80.0,70.0,83.8,70.8,50.9,0.509,Moderate,True
133,0,3,4,2,0,0,3,0,4,0,1,4,4,0,2,2,0,4,0,0,10,True,True,True,True,False,False,65.5,100.0,Strong,13.8,95.0,88.8,12.5,52.6,31.6,0.316,Low,True
134,3,2,4,2,0,0,4,0,0,1,4,2,4,4,1,3,3,2,2,4,8,True,True,True,True,False,False,52.4,100.0,Strong,36.2,76.2,45.0,68.8,54.9,32.9,0.329,Low,True
135,3,1,0,0,4,4,4,4,0,0,1,3,4,4,2,2,2,1,4,4,9,True,True,True,False,False,False,53.6,100.0,Strong,90.0,35.0,67.5,72.5,67.1,40.3,0.403,Moderate,True
136,3,0,4,0,4,0,2,0,0,1,2,2,4,0,3,4,3,1,3,4,4,False,True,True,False,True,False,5.2,0.0,Weak,68.8,66.2,67.5,85.0,71.1,82.7,0.827,High,True
137,3,1,0,4,4,0,3,0,0,1,2,2,4,0,2,2,3,1,4,0,13,True,True,True,True,False,False,85.2,100.0,Strong,70.0,71.2,70.0,62.5,68.8,41.3,0.413,Moderate,True
138,2,1,0,2,0,0,4,4,4,0,3,1,4,0,1,1,1,2,0,4,7,True,True,True,True,False,False,45.9,81.5,Strong,58.8,85.0,60.0,36.2,61.1,44.1,0.441,Moderate,True
139,2,3,4,1,0,0,0,4,0,1,3,1,0,0,3,0,0,3,0,0,8,False,True,False,False,True,False,9.4,0.7,Weak,31.2,41.2,30.0,5.0,28.2,56.6,0.566,Moderate,True
140,0,4,0,4,0,4,0,4,0,4,4,1,4,0,4,0,0,4,0,0,14,True,True,True,True,False,False,91.8,100.0,Strong,25.0,0.0,46.2,0.0,19.1,11.5,0.115,Low,True
141,3,3,0,1,4,0,3,4,0,2,3,1,0,0,1,3,3,2,3,4,6,True,True,True,False,False,False,35.7,59.5,Moderate,77.5,52.5,35.0,73.8,59.9,52.1,0.521,Moderate,True
142,4,1,0,0,4,4,3,0,4,2,3,2,4,4,1,3,3,1,2,0,4,True,True,False,False,True,True,4.0,0.0,Weak,96.2,57.5,51.2,58.8,67.8,80.7,0.807,High,True
143,4,1,0,2,4,0,3,0,4,0,0,2,4,0,1,4,4,0,4,4,8,False,True,True,False,False,False,41.4,79.0,Strong,86.2,95.0,85.0,100.0,90.9,62.9,0.629,Moderate,True
144,2,1,4,2,4,4,1,4,4,3,4,3,4,0,1,2,4,1,4,4,8,False,True,True,False,False,False,41.4,79.0,Strong,48.8,28.8,66.2,82.5,54.9,41.3,0.413,Moderate,True
145,3,0,0,0,0,0,3,0,4,1,1,3,0,0,2,3,2,3,2,4,4,False,True,True,False,True,False,5.2,0.0,Weak,78.8,91.2,57.5,58.8,72.6,83.6,0.836,High,True
146,2,1,0,1,4,0,4,0,4,3,3,3,0,0,2,1,1,4,2,4,8,False,True,False,True,False,False,46.9,88.2,Strong,78.8,88.8,45.0,36.2,64.3,43.3,0.433,Moderate,True
147,3,2,4,1,4,0,0,4,0,3,2,2,0,0,1,2,0,2,1,4,8,False,True,True,True,True,True,8.5,0.0,Weak,56.2,33.8,47.5,42.5,45.7,67.4,0.674,Moderate,True
148,1,3,4,4,0,4,1,0,0,3,0,3,4,4,0,2,4,3,3,4,13,True,True,True,True,False,False,85.2,100.0,Strong,10.0,23.8,78.8,67.5,42.1,25.3,0.253,Low,True
149,2,4,4,3,0,4,3,4,4,0,1,3,4,0,3,2,2,3,1,0,8,True,True,False,False,False,False,45.6,86.0,Strong,17.5,50.0,80.0,32.5,44.2,32.1,0.321,Low,True
150,3,2,4,3,0,0,3,0,0,1,3,1,4,4,2,1,2,2,1,0,8,True,True,True,False,True,False,11.9,14.8,Weak,31.2,71.2,42.5,31.2,44.1,60.5,0.605,Moderate,True
151,3,1,4,3,4,0,4,4,0,1,1,1,0,4,0,2,2,2,2,4,10,True,True,True,True,False,False,65.5,100.0,Strong,50.0,61.2,35.0,57.5,50.6,30.4,0.304,Low,True
152,3,0,0,0,4,0,4,4,4,1,1,4,4,0,0,4,3,1,3,4,6,False,True,True,False,False,True,21.7,21.2,Weak,93.8,81.2,93.8,85.0,88.9,84.9,0.849,High,True
153,4,1,0,1,4,0,4,0,4,0,0,4,4,0,0,4,4,0,4,4,7,True,True,False,False,True,True,7.0,0.0,Weak,91.2,100.0,100.0,100.0,97.4,98.4,0.984,High,True
154,1,2,0,2,4,4,3,4,0,1,2,3,0,4,1,3,4,2,3,4,7,True,True,True,False,False,False,41.7,69.5,Moderate,63.8,26.2,38.8,78.8,51.1,42.9,0.429,Moderate,True
155,3,3,0,2,0,4,0,4,0,3,2,0,0,4,3,1,2,3,1,0,10,True,True,True,False,False,True,41.7,74.5,Strong,57.5,3.8,15.0,26.2,27.2,26.5,0.265,Low,True
156,1,4,4,3,0,4,0,4,0,4,3,0,0,4,3,2,1,3,1,4,8,True,True,True,False,True,False,11.9,14.8,Weak,11.2,0.0,8.8,42.5,14.1,42.5,0.425,Moderate,True
157,2,1,0,2,4,4,1,4,4,3,4,1,0,4,3,1,1,3,1,0,9,False,True,True,True,False,False,54.8,100.0,Strong,73.8,28.8,8.8,21.2,35.8,21.5,0.215,Low,True
158,1,1,0,1,4,0,2,4,0,2,3,2,0,0,2,3,2,2,1,4,7,False,True,True,False,False,True,25.3,27.2,Weak,72.5,47.5,38.8,58.8,55.1,62.2,0.622,Moderate,True
159,3,0,4,1,4,0,0,4,0,1,1,3,4,4,1,2,2,0,1,4,8,True,True,True,False,True,True,8.3,0.0,Weak,63.8,41.2,70.0,62.5,59.4,75.6,0.756,High,True
160,3,1,0,1,4,4,3,0,4,0,1,4,4,4,1,3,2,3,2,0,10,False,True,True,False,False,False,51.7,96.2,Strong,85.0,65.0,76.2,43.8,69.6,43.3,0.433,Moderate,True
161,4,1,0,0,0,4,3,0,4,1,1,3,4,0,0,3,4,1,3,4,4,False,True,True,False,False,False,20.7,29.5,Weak,81.2,61.2,87.5,83.8,78.3,75.2,0.752,High,True
162,4,1,0,1,4,0,4,0,0,2,0,2,4,4,3,4,4,1,2,4,4,False,True,False,False,True,False,4.7,0.0,Weak,91.2,72.5,65.0,85.0,78.8,87.3,0.873,High,True
163,0,4,4,3,0,4,2,4,0,4,4,0,4,4,3,0,1,3,2,0,9,True,True,True,True,False,False,59.0,100.0,Strong,5.0,10.0,27.5,20.0,14.9,8.9,0.089,Low,True
164,3,0,0,1,0,4,2,0,4,3,3,3,4,0,2,1,2,0,3,0,5,False,True,True,True,False,False,30.4,50.7,Moderate,73.8,48.8,70.0,51.2,62.1,57.0,0.57,Moderate,True
165,3,2,4,2,0,4,0,4,0,3,4,0,0,4,2,2,1,1,3,0,4,True,True,True,False,False,False,23.8,39.7,Weak,36.2,3.8,5.0,47.5,22.6,37.7,0.377,Low,True
166,3,4,0,0,4,0,2,4,0,1,1,3,4,0,1,4,2,1,3,4,11,False,True,False,False,False,False,51.7,91.2,Strong,78.8,51.2,85.0,80.0,73.7,47.7,0.477,Moderate,True
167,1,3,4,3,0,0,4,4,4,1,4,2,4,4,3,4,4,0,4,0,12,False,True,False,False,False,False,56.4,99.0,Strong,15.0,81.2,40.0,85.0,51.8,31.5,0.315,Low,True
168,1,3,4,1,4,0,2,0,4,1,1,2,4,0,4,0,0,2,2,4,9,False,True,True,True,True,False,13.7,17.8,Weak,40.0,86.2,71.2,35.0,58.4,67.9,0.679,Moderate,True
169,2,2,4,1,4,0,3,4,4,2,2,1,0,4,1,1,3,0,1,4,7,False,True,True,False,True,False,9.0,0.0,Weak,50.0,72.5,26.2,61.2,51.9,71.1,0.711,High,True
170,1,2,0,1,4,0,1,0,4,1,1,2,0,0,1,1,2,2,3,0,9,False,True,True,False,False,False,46.5,87.5,Strong,68.8,81.2,53.8,41.2,62.6,42.6,0.426,Moderate,True
171,3,0,0,0,4,0,3,0,4,1,1,2,4,0,1,2,2,2,1,4,6,True,True,True,False,False,False,35.7,59.5,Moderate,93.8,91.2,78.8,52.5,81.1,64.9,0.649,Moderate,True
172,1,3,0,3,4,0,1,0,0,2,4,2,4,4,1,0,0,3,0,0,12,False,True,True,False,False,False,62.0,100.0,Strong,55.0,57.5,45.0,5.0,43.1,25.9,0.259,Low,True
173,3,1,0,1,4,0,2,0,4,2,1,4,4,4,1,4,4,3,3,0,8,False,True,True,False,False,False,41.4,79.0,Strong,85.0,82.5,76.2,65.0,78.2,55.3,0.553,Moderate,True
174,4,0,0,0,4,0,4,4,4,0,2,3,4,0,2,4,4,1,3,4,6,False,True,False,False,False,True,19.7,12.8,Weak,100.0,85.0,76.2,90.0,88.3,87.9,0.879,High,True
175,2,0,0,1,4,0,3,4,0,2,0,4,0,0,1,4,4,1,3,0,8,False,True,True,False,True,False,10.3,7.2,Weak,82.5,52.5,72.5,75.0,71.0,79.7,0.797,High,True
176,1,3,4,2,4,4,3,0,4,2,1,2,4,4,2,0,1,4,0,0,12,False,True,True,False,False,False,62.0,100.0,Strong,35.0,57.5,61.2,5.0,41.2,24.7,0.247,Low,True
177,0,3,4,2,0,4,0,4,0,4,3,0,0,4,4,0,1,2,2,0,9,False,True,True,False,True,False,11.6,9.3,Weak,13.8,0.0,6.2,25.0,10.7,42.7,0.427,Moderate,True
178,1,1,4,2,4,4,4,0,4,1,2,2,0,4,1,2,2,1,2,4,7,True,True,True,False,True,False,10.4,0.0,Weak,42.5,66.2,32.5,62.5,49.9,69.9,0.699,Moderate,True
179,0,3,4,1,4,0,3,0,4,2,2,1,0,0,3,2,3,2,2,0,9,True,True,True,False,True,False,13.4,17.3,Weak,33.8,87.5,36.2,47.5,50.6,63.4,0.634,Moderate,True
180,3,1,0,1,4,4,1,4,4,3,1,1,0,4,2,2,3,2,2,0,9,False,True,False,False,False,False,42.3,75.5,Strong,85.0,28.8,30.0,47.5,49.7,39.6,0.396,Low,True
181,3,4,4,1,0,4,1,4,0,3,3,0,4,4,4,0,1,3,1,0,7,False,True,False,True,False,False,41.0,63.3,Moderate,33.8,8.8,31.2,15.0,23.1,28.5,0.285,Low,True
182,1,3,0,2,0,0,3,0,4,3,2,3,0,4,3,2,2,0,2,0,9,True,True,True,False,True,False,13.4,17.3,Weak,45.0,83.8,33.8,52.5,53.4,65.1,0.651,Moderate,True
183,4,2,0,2,4,0,2,0,4,2,2,3,4,4,1,2,2,1,4,4,7,True,True,True,False,False,False,41.7,69.5,Moderate,82.5,82.5,63.8,72.5,75.8,57.7,0.577,Moderate,True
184,1,1,4,3,0,0,1,4,0,3,3,1,0,4,3,1,0,2,2,0,10,False,True,False,True,False,False,58.6,100.0,Strong,22.5,38.8,15.0,26.2,25.4,15.2,0.152,Low,True
185,4,2,0,3,4,4,2,4,0,4,0,3,4,4,2,2,2,1,2,4,7,True,True,False,False,False,False,39.9,61.5,Moderate,77.5,10.0,73.8,62.5,56.7,49.4,0.494,Moderate,True
186,1,3,4,3,0,4,0,0,4,3,3,1,0,4,2,1,0,4,1,0,10,False,True,True,False,True,False,12.9,11.5,Weak,15.0,38.8,17.5,11.2,20.8,47.9,0.479,Moderate,True
187,3,0,4,3,4,4,2,4,0,3,3,2,4,4,2,0,1,1,1,4,9,False,True,True,False,False,False,46.5,87.5,Strong,53.8,13.8,48.8,40.0,39.8,28.9,0.289,Low,True
188,1,3,4,1,4,4,4,0,4,3,2,2,4,0,2,2,4,2,3,4,10,True,True,True,True,True,True,11.5,9.2,Weak,40.0,58.8,70.0,72.5,58.7,71.5,0.715,High,True
189,2,2,4,1,0,0,2,0,4,1,3,3,4,0,1,2,4,0,3,4,11,False,True,True,True,False,False,67.0,100.0,Strong,35.0,86.2,72.5,82.5,66.7,40.0,0.4,Moderate,True
190,0,3,4,4,0,4,1,0,0,3,4,0,4,0,3,1,2,3,1,0,9,True,True,True,True,False,False,59.0,100.0,Strong,3.8,23.8,42.5,26.2,22.9,13.7,0.137,Low,True
191,1,4,4,3,0,0,3,4,0,2,2,0,0,4,2,1,0,4,0,0,10,True,True,False,False,False,False,57.0,100.0,Strong,11.2,52.5,17.5,6.2,22.1,13.3,0.133,Low,True
192,2,1,4,4,0,4,2,4,0,4,2,4,4,4,2,3,4,2,2,0,11,True,True,False,True,False,False,70.3,100.0,Strong,23.8,10.0,67.5,58.8,38.2,22.9,0.229,Low,True
193,1,2,4,3,0,0,3,4,0,0,3,1,0,0,3,3,2,1,4,4,11,True,True,True,True,False,True,50.5,94.2,Strong,18.8,60.0,30.0,78.8,43.9,28.7,0.287,Low,True
194,1,3,0,3,4,0,2,4,0,1,4,1,0,0,3,2,2,3,1,4,10,False,True,True,False,False,False,51.7,96.2,Strong,55.0,51.2,23.8,47.5,44.8,28.4,0.284,Low,True
195,2,1,4,1,4,0,3,4,4,1,1,3,4,0,2,3,2,3,3,4,7,False,True,True,False,True,False,9.0,0.0,Weak,53.8,76.2,82.5,63.8,68.6,81.2,0.812,High,True
196,2,2,0,3,4,0,4,0,4,1,0,4,0,0,1,2,3,1,4,4,10,False,True,False,False,False,False,47.0,83.3,Strong,65.0,96.2,72.5,77.5,77.2,53.0,0.53,Moderate,True
197,0,4,4,4,0,0,1,4,4,3,0,1,0,0,2,2,1,4,1,0,11,True,True,True,False,False,False,65.5,100.0,Strong,0.0,58.8,51.2,22.5,32.0,19.2,0.192,Low,True
198,1,1,4,1,0,0,3,0,4,1,2,1,4,0,1,2,4,1,3,4,11,False,True,False,False,False,False,51.7,91.2,Strong,32.5,91.2,66.2,77.5,64.6,42.3,0.423,Moderate,True
199,3,0,0,1,0,0,2,4,4,2,2,2,0,0,3,3,1,2,2,4,6,False,True,True,False,False,False,31.0,46.7,Moderate,73.8,67.5,42.5,58.8,61.4,58.2,0.582,Moderate,True
200,1,1,4,1,4,4,4,0,4,0,1,2,4,0,1,3,3,2,3,4,8,False,True,True,False,False,False,41.4,79.0,Strong,47.5,70.0,78.8,73.8,66.2,48.1,0.481,Moderate,True
201,4,2,0,1,4,0,1,4,0,1,2,1,0,4,0,1,3,3,3,4,9,True,True,False,False,False,False,51.3,95.5,Strong,87.5,46.2,28.8,56.2,56.2,35.5,0.355,Low,True
202,1,3,4,3,0,0,2,4,4,4,3,0,0,4,4,0,0,3,0,0,11,True,True,True,True,False,False,72.1,100.0,Strong,15.0,60.0,6.2,5.0,22.1,13.3,0.133,Low,True
203,0,3,0,4,4,0,0,4,4,3,1,3,0,0,1,2,1,3,2,4,11,True,True,True,True,True,False,18.0,30.0,Weak,43.8,53.8,60.0,47.5,51.1,58.7,0.587,Moderate,True
204,2,1,4,2,4,4,0,0,0,2,1,4,0,4,3,0,3,1,2,4,12,False,True,False,True,False,True,49.2,82.0,Strong,48.8,22.5,46.2,55.0,42.8,32.9,0.329,Low,True
205,2,2,0,0,4,4,4,0,4,0,0,4,4,0,2,4,3,0,3,4,4,False,True,False,False,True,False,4.7,0.0,Weak,80.0,70.0,95.0,90.0,83.2,89.9,0.899,High,True
206,3,2,4,0,4,4,3,0,4,2,2,3,0,4,3,3,3,2,1,4,4,True,True,True,True,True,False,6.6,0.0,Weak,61.2,57.5,33.8,63.8,53.9,72.3,0.723,High,True
207,2,1,0,3,0,4,4,0,4,1,1,3,4,0,2,0,0,3,1,0,12,True,True,True,True,False,True,55.1,100.0,Strong,53.8,66.2,82.5,10.0,55.3,33.2,0.332,Low,True
208,4,2,0,0,4,0,2,0,4,1,0,3,4,0,0,4,4,0,4,4,4,False,True,False,False,True,False,4.7,0.0,Weak,92.5,86.2,93.8,100.0,92.8,95.7,0.957,High,True
209,4,0,4,1,4,4,2,4,0,2,1,2,4,0,2,3,3,2,2,4,6,False,True,True,False,False,False,31.0,46.7,Moderate,70.0,17.5,76.2,68.8,58.2,56.2,0.562,Moderate,True
210,1,2,4,3,4,0,2,0,0,1,0,3,4,0,1,3,4,0,3,4,9,False,True,True,False,False,False,46.5,87.5,Strong,33.8,66.2,91.2,88.8,67.2,45.3,0.453,Moderate,True
211,2,2,0,3,4,4,2,0,0,3,3,2,0,0,2,3,3,2,3,4,8,True,True,True,False,False,False,47.6,94.3,Strong,65.0,28.8,38.8,73.8,51.1,32.9,0.329,Low,True
212,4,2,0,1,4,0,4,0,4,1,1,3,4,0,0,3,4,0,4,0,9,True,True,False,True,True,False,14.4,19.0,Weak,87.5,96.2,87.5,78.8,87.9,85.1,0.851,High,True
213,3,2,4,1,0,4,1,4,4,4,3,2,0,0,3,3,3,2,2,0,10,True,True,True,False,True,True,10.4,2.3,Weak,41.2,25.0,36.2,53.8,38.4,62.1,0.621,Moderate,True
214,4,3,0,1,0,0,4,0,4,1,3,2,0,4,1,3,3,0,4,4,8,False,True,False,False,True,False,9.4,0.7,Weak,68.8,96.2,26.2,88.8,69.0,81.1,0.811,High,True
215,2,3,4,1,4,0,3,0,4,0,3,2,4,4,3,4,2,1,4,0,10,True,True,True,False,False,False,59.5,100.0,Strong,46.2,95.0,46.2,70.0,63.2,37.9,0.379,Low,True
216,0,3,4,2,0,0,0,4,0,4,4,1,0,0,4,1,1,2,3,0,6,True,True,False,False,False,False,34.2,52.0,Moderate,13.8,30.0,21.2,36.2,24.2,33.7,0.337,Low,True
217,2,1,0,1,4,4,2,0,0,3,4,0,0,4,4,3,2,1,3,0,8,False,True,False,False,True,False,9.4,0.7,Weak,78.8,28.8,0.0,58.8,42.6,65.3,0.653,Moderate,True
218,3,4,0,2,4,4,0,4,0,4,3,1,4,0,3,0,1,4,1,0,12,True,True,True,True,False,False,78.7,100.0,Strong,68.8,0.0,55.0,10.0,36.4,21.8,0.218,Low,True
219,1,0,0,0,4,0,3,0,4,4,1,3,4,4,2,2,2,2,3,4,9,False,True,True,False,False,False,46.5,87.5,Strong,81.2,80.0,67.5,62.5,73.8,49.3,0.493,Moderate,True
220,2,2,0,1,0,0,4,0,4,0,2,3,4,4,1,1,2,3,3,0,11,False,True,False,False,False,False,51.7,91.2,Strong,60.0,100.0,63.8,36.2,66.2,43.2,0.432,Moderate,True
221,3,2,0,1,4,4,3,4,4,0,2,2,4,0,2,4,3,0,3,0,6,True,True,False,True,False,True,26.8,34.7,Weak,81.2,50.0,70.0,75.0,69.4,67.8,0.678,Moderate,True
222,3,0,0,0,4,0,3,0,4,1,2,2,4,4,2,4,2,3,2,4,9,True,True,False,False,True,True,9.0,0.0,Weak,93.8,91.2,55.0,65.0,77.7,86.6,0.866,High,True
223,0,2,4,2,0,4,1,0,0,2,1,1,0,4,1,1,3,3,2,0,8,False,True,True,False,True,False,10.3,7.2,Weak,17.5,27.5,32.5,36.2,27.5,53.6,0.536,Moderate,True
224,3,1,0,1,4,4,3,0,4,2,1,4,4,0,1,4,3,1,4,0,9,False,True,True,False,False,False,46.5,87.5,Strong,85.0,57.5,91.2,75.0,77.7,51.6,0.516,Moderate,True
225,4,1,4,0,4,4,3,0,4,1,2,4,0,4,2,1,2,1,1,0,10,False,True,False,False,True,True,8.2,0.0,Weak,71.2,61.2,42.5,36.2,54.6,72.8,0.728,High,True
226,3,1,0,1,4,4,0,4,4,4,3,1,0,4,3,1,2,2,1,4,6,False,True,True,False,True,False,7.8,0.0,Weak,85.0,20.0,15.0,46.2,43.5,66.1,0.661,Moderate,True
227,2,3,4,4,0,4,0,4,0,4,3,1,0,4,4,0,0,4,0,0,7,False,True,True,True,False,False,42.6,71.0,Strong,16.2,0.0,12.5,0.0,8.0,16.4,0.164,Low,True
228,1,2,4,4,0,4,1,4,0,4,2,1,0,4,4,0,1,3,0,0,16,True,True,True,False,False,False,95.3,100.0,Strong,13.8,5.0,18.8,10.0,12.1,7.3,0.073,Low,True
229,2,1,0,3,4,4,4,0,4,0,0,3,0,0,1,4,4,0,3,4,11,True,True,False,True,False,False,70.3,100.0,Strong,68.8,70.0,66.2,95.0,73.7,44.2,0.442,Moderate,True
230,2,2,4,2,4,0,1,4,4,1,2,4,4,0,2,0,1,3,0,0,9,True,True,True,False,False,False,53.6,100.0,Strong,45.0,66.2,82.5,10.0,52.7,31.6,0.316,Low,True
231,4,0,0,2,4,0,4,0,0,1,4,2,0,4,1,4,4,0,4,4,9,False,True,False,True,True,False,13.2,12.0,Weak,90.0,76.2,20.0,100.0,71.1,77.9,0.779,High,True
232,1,3,0,2,4,0,1,0,4,2,1,2,4,0,0,2,1,4,3,4,4,True,True,True,False,True,False,6.0,0.0,Weak,60.0,77.5,81.2,47.5,67.2,80.3,0.803,High,True
233,2,0,4,1,4,4,1,4,4,3,1,4,4,0,2,1,0,2,1,0,8,False,True,True,False,True,False,10.3,7.2,Weak,57.5,28.8,88.8,21.2,50.9,67.7,0.677,Moderate,True
234,1,3,0,1,0,0,1,4,0,4,3,2,4,4,4,0,2,2,1,0,7,False,True,True,False,True,False,9.0,0.0,Weak,50.0,35.0,43.8,25.0,39.7,63.8,0.638,Moderate,True
235,3,0,0,0,4,4,0,0,0,4,0,4,4,0,0,3,3,2,2,4,7,False,True,False,False,True,False,8.2,0.0,Weak,93.8,15.0,100.0,68.8,70.6,82.4,0.824,High,True
236,1,0,0,1,4,0,4,0,0,0,1,1,0,0,2,4,2,1,4,0,8,False,True,False,True,False,True,32.8,54.7,Moderate,76.2,80.0,45.0,70.0,68.1,59.0,0.59,Moderate,True
237,3,0,0,1,4,0,4,0,4,0,1,3,4,0,0,4,3,1,4,4,4,False,True,True,False,False,False,20.7,29.5,Weak,88.8,100.0,87.5,90.0,91.5,83.1,0.831,High,True
238,3,1,0,1,0,0,4,0,4,0,1,3,0,0,1,1,1,1,2,4,9,True,True,False,True,False,True,40.3,72.2,Strong,70.0,100.0,60.0,51.2,71.2,53.8,0.538,Moderate,True
239,3,1,0,0,4,0,4,0,4,1,2,1,0,0,3,3,2,1,3,4,7,False,True,True,False,False,False,36.2,55.3,Moderate,90.0,96.2,36.2,73.8,74.9,62.8,0.628,Moderate,True
240,4,1,0,0,4,4,2,0,4,1,2,3,4,0,1,2,3,2,4,4,7,False,True,True,False,True,False,9.0,0.0,Weak,96.2,56.2,78.8,72.5,77.1,86.3,0.863,High,True
241,4,0,0,1,4,0,4,0,0,2,3,4,4,0,2,4,3,1,1,4,7,False,True,False,False,True,False,8.2,0.0,Weak,95.0,72.5,76.2,75.0,80.7,88.4,0.884,High,True
242,4,0,0,1,4,4,1,0,4,2,2,3,4,0,1,1,0,2,2,4,8,True,True,True,False,True,False,11.9,14.8,Weak,95.0,47.5,78.8,41.2,68.3,75.1,0.751,High,True
243,4,1,0,1,0,0,2,0,4,0,0,4,4,0,0,3,4,0,4,0,8,False,True,False,False,False,False,37.6,67.7,Moderate,76.2,90.0,100.0,78.8,86.1,64.6,0.646,Moderate,True
244,3,1,0,1,4,0,3,4,4,0,1,4,0,0,2,2,4,0,3,4,8,False,True,False,False,True,True,6.6,0.0,Weak,85.0,80.0,63.8,82.5,77.9,86.7,0.867,High,True
245,1,4,4,4,0,4,0,4,0,4,3,1,0,4,4,1,1,4,1,0,13,True,True,True,False,False,True,54.2,95.3,Strong,6.2,0.0,12.5,16.2,8.2,6.8,0.068,Low,True
246,2,0,0,1,0,4,3,0,4,1,0,4,4,0,0,4,4,0,4,4,8,True,True,True,True,False,False,52.4,100.0,Strong,67.5,61.2,100.0,100.0,80.6,48.4,0.484,Moderate,True
247,3,0,0,1,4,0,4,0,4,0,0,3,4,0,3,4,1,1,4,4,12,False,True,True,True,False,False,73.0,100.0,Strong,88.8,100.0,86.2,80.0,89.2,53.5,0.535,Moderate,True
248,1,3,0,2,0,4,1,4,4,2,4,0,4,4,4,1,2,4,1,4,7,True,True,False,True,False,False,44.7,74.5,Strong,45.0,32.5,25.0,36.2,35.1,31.3,0.313,Low,True
249,0,4,4,3,0,0,0,4,0,4,3,2,0,4,4,0,0,3,0,0,9,False,True,True,True,True,False,13.7,17.8,Weak,5.0,30.0,18.8,5.0,14.7,41.7,0.417,Moderate,True
250,3,0,0,1,4,4,3,0,4,0,1,4,4,0,0,3,3,1,2,0,12,True,True,True,False,False,False,71.5,100.0,Strong,88.8,65.0,93.8,58.8,78.1,46.9,0.469,Moderate,True
251,2,2,4,1,4,4,4,4,4,1,2,2,4,0,1,3,2,0,3,4,7,False,True,False,True,False,True,28.7,32.8,Weak,50.0,51.2,72.5,78.8,61.7,63.9,0.639,Moderate,True
252,1,2,0,2,0,0,1,0,4,3,1,1,0,4,1,2,0,3,1,0,11,False,True,False,True,True,False,16.1,16.8,Weak,48.8,73.8,32.5,22.5,45.7,60.7,0.607,Moderate,True
253,1,4,0,3,0,4,0,4,0,4,4,2,0,4,4,0,0,4,0,0,11,True,True,True,True,True,False,18.0,30.0,Weak,36.2,0.0,12.5,0.0,14.0,36.4,0.364,Low,True
254,3,3,4,2,4,4,4,0,0,1,1,2,4,0,0,0,3,1,3,4,8,False,True,False,True,False,False,46.9,88.2,Strong,47.5,46.2,81.2,60.0,58.1,39.6,0.396,Low,True
255,3,0,0,0,4,0,3,0,4,1,2,1,0,4,1,4,4,0,2,4,9,True,True,True,False,False,False,53.6,100.0,Strong,93.8,91.2,26.2,90.0,75.5,45.3,0.453,Moderate,True
256,0,3,4,4,0,4,2,0,4,0,3,3,0,0,1,1,0,3,0,0,13,True,True,False,True,False,False,83.1,100.0,Strong,3.8,60.0,47.5,11.2,30.2,18.1,0.181,Low,True
257,2,3,4,1,0,0,2,0,4,1,1,1,4,4,2,1,2,2,1,4,4,False,True,False,True,False,False,23.4,34.0,Weak,31.2,86.2,55.0,46.2,53.9,58.7,0.587,Moderate,True
258,4,1,4,1,4,0,1,4,4,3,1,2,0,4,0,0,3,2,4,4,8,False,True,False,True,True,False,11.7,9.5,Weak,66.2,58.8,41.2,60.0,56.9,70.3,0.703,High,True
259,2,1,4,1,0,4,2,4,4,3,2,3,4,4,2,4,2,1,2,0,5,False,True,True,False,True,False,6.5,0.0,Weak,38.8,33.8,61.2,60.0,47.4,68.4,0.684,Moderate,True
260,4,1,0,1,4,0,2,0,4,2,1,4,4,0,1,3,4,0,3,4,11,False,True,True,False,False,False,56.9,100.0,Strong,91.2,82.5,91.2,88.8,88.6,53.2,0.532,Moderate,True
261,2,1,0,1,4,0,2,0,4,1,3,1,0,4,2,3,3,0,4,4,12,False,True,True,False,False,False,62.0,100.0,Strong,78.8,86.2,17.5,88.8,67.3,40.4,0.404,Moderate,True
262,3,1,0,4,4,4,1,0,4,0,4,1,4,0,2,0,3,3,1,0,16,True,True,True,True,False,False,104.9,100.0,Strong,70.0,55.0,51.2,25.0,52.6,31.6,0.316,Low,True
263,2,2,4,1,0,0,3,0,4,0,2,1,0,4,3,3,2,1,4,4,9,False,True,True,False,False,True,32.6,54.3,Moderate,35.0,95.0,21.2,78.8,55.3,51.5,0.515,Moderate,True
264,2,1,0,1,0,4,4,0,4,1,1,0,0,0,2,0,0,4,1,0,7,True,True,False,False,False,False,39.9,61.5,Moderate,63.8,66.2,38.8,5.0,46.4,43.2,0.432,Moderate,True
265,1,3,4,4,4,4,2,4,0,4,3,3,0,4,1,2,2,1,3,4,12,False,True,True,True,False,False,73.0,100.0,Strong,25.0,10.0,32.5,67.5,31.6,19.0,0.19,Low,True
266,1,2,4,3,4,4,2,4,4,4,3,0,4,4,2,2,2,2,3,4,8,False,True,True,True,False,False,48.7,96.2,Strong,33.8,30.0,36.2,62.5,39.2,25.0,0.25,Low,True
267,0,4,0,1,0,4,4,4,0,2,2,0,0,4,2,0,2,2,0,4,13,False,True,False,False,False,True,42.8,66.3,Moderate,40.0,27.5,17.5,35.0,30.2,31.6,0.316,Low,True
268,1,3,0,3,0,0,2,0,0,1,2,1,0,4,2,2,1,3,1,0,13,True,True,True,True,False,False,85.2,100.0,Strong,40.0,66.2,23.8,27.5,40.0,24.0,0.24,Low,True
269,1,3,0,1,0,4,2,0,0,2,2,4,0,0,1,4,3,1,2,4,8,False,True,True,False,True,False,10.3,7.2,Weak,50.0,32.5,60.0,80.0,54.1,69.6,0.696,Moderate,True
270,3,1,0,1,4,4,4,4,4,1,2,4,4,0,2,2,1,2,1,4,10,True,True,True,False,False,True,41.7,74.5,Strong,85.0,51.2,82.5,47.5,68.4,51.2,0.512,Moderate,True
271,4,0,4,1,4,0,3,0,4,1,2,3,4,0,1,3,3,1,3,0,7,False,True,True,False,False,False,36.2,55.3,Moderate,70.0,91.2,78.8,63.8,76.2,63.6,0.636,Moderate,True
272,3,1,4,0,4,0,4,0,0,2,2,3,4,0,1,3,3,2,3,0,4,False,True,False,False,True,False,4.7,0.0,Weak,65.0,72.5,78.8,58.8,69.1,81.5,0.815,High,True
273,3,3,0,2,0,0,2,0,4,1,2,1,4,4,1,3,3,2,3,0,4,True,True,False,False,False,True,16.0,11.7,Weak,57.5,86.2,51.2,58.8,63.4,73.4,0.734,High,True
274,2,3,4,4,0,4,0,4,0,4,4,0,4,0,3,4,1,1,3,0,12,True,True,False,True,False,False,76.7,100.0,Strong,16.2,0.0,42.5,60.0,27.5,16.5,0.165,Low,True
275,1,4,4,2,4,0,2,0,4,2,1,2,0,4,2,1,1,2,2,0,9,True,True,False,False,True,True,9.0,0.0,Weak,31.2,82.5,36.2,31.2,45.3,67.2,0.672,Moderate,True
276,0,3,0,2,0,0,3,4,4,1,1,3,0,4,2,4,4,0,4,4,10,False,True,False,False,False,False,47.0,83.3,Strong,38.8,76.2,42.5,100.0,61.3,43.5,0.435,Moderate,True
277,3,0,4,1,4,4,3,0,4,1,1,4,0,0,2,4,3,1,4,4,8,False,True,False,False,True,False,9.4,0.7,Weak,63.8,61.2,63.8,90.0,68.4,80.8,0.808,High,True
278,4,1,0,0,0,0,3,0,4,2,1,2,4,0,1,4,3,0,4,4,8,False,True,False,False,False,False,37.6,67.7,Moderate,81.2,87.5,78.8,95.0,84.9,63.9,0.639,Moderate,True
279,2,4,4,3,0,0,3,0,0,1,4,1,0,4,4,3,1,2,2,4,12,True,True,True,False,False,False,71.5,100.0,Strong,17.5,71.2,6.2,58.8,36.4,21.8,0.218,Low,True
280,2,0,0,1,4,0,2,0,0,1,3,2,4,4,2,3,4,3,3,4,4,False,True,True,False,True,False,5.2,0.0,Weak,82.5,66.2,48.8,73.8,68.2,80.9,0.809,High,True
281,1,1,0,3,4,4,2,4,4,4,3,1,0,4,2,1,1,2,1,0,12,True,True,False,False,False,False,68.4,100.0,Strong,62.5,30.0,17.5,26.2,35.9,21.5,0.215,Low,True
282,3,0,0,1,0,0,4,0,4,1,0,4,4,0,1,3,3,1,4,4,7,False,True,False,False,False,True,23.0,18.3,Weak,73.8,96.2,97.5,83.8,87.3,85.1,0.851,High,True
283,0,3,4,3,0,4,0,0,4,3,1,2,0,4,1,1,3,4,1,4,11,False,True,True,True,False,False,67.0,100.0,Strong,8.8,38.8,38.8,41.2,30.2,18.1,0.181,Low,True
284,1,3,0,4,0,0,2,0,0,2,3,0,4,4,3,1,2,4,3,4,14,True,True,True,False,False,False,83.4,100.0,Strong,35.0,62.5,33.8,46.2,43.8,26.3,0.263,Low,True
285,3,1,4,2,4,0,1,0,0,0,0,4,0,0,3,2,1,1,3,4,11,False,True,False,True,True,False,16.1,16.8,Weak,55.0,65.0,67.5,62.5,62.1,70.5,0.705,High,True
286,3,1,0,0,4,0,4,0,4,2,1,3,4,4,1,1,3,1,4,0,7,False,True,True,True,False,False,42.6,71.0,Strong,90.0,92.5,70.0,56.2,78.9,58.9,0.589,Moderate,True
287,2,1,0,1,4,0,4,0,4,1,1,2,0,0,2,2,2,3,2,0,8,False,True,True,False,True,True,7.2,0.0,Weak,78.8,96.2,51.2,37.5,68.0,80.8,0.808,High,True
288,2,1,0,2,4,4,2,4,4,3,2,2,0,4,2,2,3,1,0,4,11,False,True,True,False,False,False,56.9,100.0,Strong,73.8,33.8,30.0,57.5,49.6,29.8,0.298,Low,True
289,1,3,4,2,4,4,4,0,0,0,1,4,0,0,1,4,2,0,3,4,6,False,True,True,False,False,False,31.0,46.7,Moderate,35.0,50.0,66.2,85.0,56.6,55.3,0.553,Moderate,True
290,3,2,4,4,4,0,2,0,0,2,1,2,4,0,0,3,2,0,4,4,9,True,True,True,False,False,False,53.6,100.0,Strong,41.2,62.5,81.2,83.8,65.1,39.1,0.391,Low,True
291,3,2,4,1,4,0,4,0,4,1,2,1,0,0,3,3,2,0,3,0,7,True,True,False,True,False,False,44.7,74.5,Strong,56.2,96.2,36.2,63.8,62.8,47.9,0.479,Moderate,True
292,1,1,0,3,4,0,4,4,4,1,1,4,4,4,2,1,3,2,2,0,7,False,True,True,False,False,False,36.2,55.3,Moderate,62.5,81.2,73.8,41.2,65.8,57.4,0.574,Moderate,True
293,1,2,4,4,0,0,2,4,4,2,2,2,0,0,2,1,1,3,1,4,11,False,True,True,False,False,False,56.9,100.0,Strong,13.8,67.5,45.0,36.2,39.5,23.7,0.237,Low,True
294,3,0,0,1,4,0,4,0,4,0,2,3,4,4,1,3,4,1,4,4,7,True,True,True,False,True,True,7.3,0.0,Weak,88.8,100.0,63.8,88.8,85.3,91.2,0.912,High,True
295,3,2,4,1,4,4,4,0,4,3,3,0,0,0,3,3,2,1,4,0,8,False,True,False,False,False,True,26.3,38.8,Weak,56.2,58.8,23.8,63.8,50.2,54.6,0.546,Moderate,True
296,3,3,0,0,4,4,2,0,0,2,2,2,4,0,1,4,3,3,4,0,6,False,True,False,False,True,False,7.1,0.0,Weak,82.5,32.5,72.5,65.0,64.0,78.4,0.784,High,True
297,1,3,4,4,0,4,2,0,0,3,2,3,0,0,0,0,2,2,0,0,14,True,True,False,False,False,False,79.8,100.0,Strong,10.0,28.8,56.2,20.0,28.2,16.9,0.169,Low,True
298,3,1,0,0,4,4,3,4,0,1,0,4,0,0,0,1,2,1,2,4,8,True,True,True,False,False,False,47.6,94.3,Strong,90.0,26.2,75.0,56.2,63.6,40.4,0.404,Moderate,True
299,3,1,0,1,0,4,2,4,4,1,3,4,4,0,1,3,3,1,4,4,8,True,True,False,False,False,False,45.6,86.0,Strong,70.0,41.2,78.8,83.8,67.8,46.3,0.463,Moderate,True
300,4,0,0,0,4,0,2,0,0,1,2,1,0,4,3,3,2,2,1,4,6,False,True,False,False,False,False,28.2,37.0,Weak,100.0,66.2,21.2,58.8,63.6,63.4,0.634,Moderate,True
301,2,1,0,2,4,4,1,4,4,3,3,3,4,0,3,1,0,4,0,0,9,True,True,True,True,True,False,14.7,24.5,Weak,73.8,28.8,67.5,6.2,47.4,58.6,0.586,Moderate,True
302,3,0,0,2,4,0,2,0,0,2,1,4,4,0,1,4,3,0,3,4,9,False,True,False,True,False,False,52.7,97.8,Strong,83.8,62.5,91.2,90.0,81.6,49.8,0.498,Moderate,True
303,1,3,0,4,4,4,0,0,0,4,2,1,4,4,4,1,0,3,1,0,17,True,True,True,True,False,False,111.4,100.0,Strong,50.0,15.0,43.8,16.2,32.9,19.7,0.197,Low,True
304,4,0,0,0,4,0,3,0,4,1,0,4,4,0,1,4,2,2,3,4,4,False,True,False,False,False,False,18.8,21.3,Weak,100.0,91.2,97.5,75.0,92.2,86.8,0.868,High,True
305,3,1,4,1,4,0,2,0,4,2,1,1,4,0,2,2,2,2,3,0,6,False,True,True,False,True,False,7.8,0.0,Weak,60.0,82.5,70.0,47.5,65.6,79.4,0.794,High,True
306,2,3,0,3,4,0,1,4,0,2,0,4,4,0,2,2,4,2,4,0,8,False,True,True,False,False,False,41.4,79.0,Strong,61.2,42.5,95.0,62.5,65.2,47.5,0.475,Moderate,True
307,3,0,0,1,0,0,2,4,4,1,1,2,4,0,3,4,2,1,0,4,8,False,True,True,True,True,True,8.5,0.0,Weak,73.8,71.2,73.8,65.0,71.4,82.8,0.828,High,True
308,0,3,4,4,0,4,1,0,0,3,4,1,0,4,3,4,0,3,1,4,12,True,True,True,False,False,False,71.5,100.0,Strong,3.8,23.8,8.8,50.0,19.2,11.5,0.115,Low,True
309,2,2,0,3,0,4,2,4,4,2,3,1,4,4,3,2,3,2,4,4,9,True,True,True,True,False,True,41.3,78.8,Strong,50.0,37.5,40.0,72.5,48.9,37.8,0.378,Low,True
310,1,4,4,4,4,4,2,0,0,2,4,0,0,4,3,1,3,3,1,0,14,True,True,True,False,False,False,83.4,100.0,Strong,21.2,32.5,2.5,31.2,21.4,12.8,0.128,Low,True
311,0,3,4,3,4,4,0,4,0,3,2,3,4,0,1,1,0,0,2,4,11,True,True,True,False,False,True,45.8,81.3,Strong,23.8,3.8,78.8,51.2,38.0,30.3,0.303,Low,True
312,2,3,0,1,4,4,2,0,0,2,1,1,4,4,1,1,1,4,1,0,10,True,True,True,False,True,False,14.9,19.8,Weak,71.2,32.5,57.5,16.2,47.1,60.3,0.603,Moderate,True
313,3,2,0,3,0,4,1,4,0,3,2,1,0,0,3,1,1,2,0,0,13,True,True,True,True,False,True,59.6,100.0,Strong,56.2,8.8,36.2,21.2,32.4,19.4,0.194,Low,True
314,2,2,0,1,4,0,1,4,0,2,1,3,0,0,1,4,2,0,4,4,4,False,True,True,False,True,False,5.2,0.0,Weak,75.0,42.5,60.0,90.0,66.1,79.7,0.797,High,True
315,0,2,4,2,0,4,3,0,4,3,4,2,0,0,3,1,1,2,1,0,11,False,True,False,True,False,False,64.4,100.0,Strong,17.5,53.8,30.0,26.2,31.4,18.8,0.188,Low,True
316,3,0,0,0,4,0,2,0,0,1,3,4,4,0,2,2,1,4,2,0,4,False,True,True,False,True,False,5.2,0.0,Weak,93.8,66.2,76.2,27.5,69.2,81.5,0.815,High,True
317,2,1,4,3,4,4,0,4,0,3,3,1,0,4,3,1,1,3,2,0,11,True,True,True,True,False,False,72.1,100.0,Strong,43.8,3.8,15.0,26.2,23.1,13.9,0.139,Low,True
318,4,1,0,1,0,0,1,0,4,0,1,3,4,0,2,2,1,2,0,4,8,True,True,True,False,True,False,11.9,14.8,Weak,76.2,85.0,82.5,42.5,73.2,78.0,0.78,High,True
319,1,4,4,2,0,0,1,4,4,2,1,4,0,0,3,1,2,2,2,0,9,False,True,True,False,False,False,46.5,87.5,Strong,16.2,62.5,61.2,36.2,43.1,30.9,0.309,Low,True
320,2,0,4,0,4,0,4,0,4,0,0,4,4,0,0,2,3,2,3,0,4,False,True,False,False,False,False,18.8,21.3,Weak,62.5,100.0,100.0,52.5,79.2,79.0,0.79,High,True
321,2,1,4,3,0,4,2,4,0,2,2,0,4,4,4,2,4,2,3,4,13,False,True,True,True,False,False,79.1,100.0,Strong,28.8,17.5,37.5,72.5,36.9,22.1,0.221,Low,True
322,2,2,4,2,4,4,1,0,4,2,0,3,4,0,1,2,1,2,3,0,6,True,True,True,False,False,False,35.7,59.5,Moderate,45.0,47.5,91.2,42.5,56.7,50.2,0.502,Moderate,True
323,2,1,4,3,0,4,1,4,4,4,4,2,0,4,4,3,1,1,1,4,12,True,True,True,True,False,True,55.1,100.0,Strong,28.8,25.0,12.5,58.8,29.8,17.9,0.179,Low,True
324,1,2,4,2,0,4,2,4,0,3,4,1,4,4,4,4,1,3,4,0,6,False,True,True,False,False,False,31.0,46.7,Moderate,23.8,13.8,31.2,55.0,29.4,39.0,0.39,Low,True
325,2,2,4,3,0,4,0,4,0,4,3,1,4,0,3,1,2,2,1,0,10,True,True,True,False,False,False,59.5,100.0,Strong,25.0,0.0,55.0,31.2,27.5,16.5,0.165,Low,True
326,4,1,0,2,4,4,1,0,0,2,0,3,4,4,2,0,0,4,3,4,13,False,True,True,False,False,False,67.2,100.0,Strong,86.2,27.5,73.8,30.0,57.2,34.3,0.343,Low,True
327,3,2,0,1,0,0,4,0,4,0,1,4,4,0,0,2,4,2,3,4,13,True,True,False,True,False,True,58.2,100.0,Strong,66.2,100.0,93.8,72.5,82.8,49.7,0.497,Moderate,True
328,3,2,0,2,0,4,1,4,0,3,3,1,0,4,0,2,2,3,2,0,5,True,True,True,False,False,False,29.8,49.7,Moderate,61.2,8.8,22.5,37.5,33.7,40.3,0.403,Moderate,True
329,3,0,0,0,4,4,3,0,0,2,0,2,0,0,0,4,4,0,4,4,5,True,True,True,False,True,False,7.4,0.0,Weak,93.8,37.5,62.5,100.0,73.1,83.9,0.839,High,True
330,4,1,0,3,4,0,2,0,4,4,0,4,4,0,0,3,2,1,4,4,9,False,True,True,False,False,False,46.5,87.5,Strong,81.2,75.0,100.0,78.8,83.9,55.3,0.553,Moderate,True
331,1,3,0,4,0,0,1,4,0,3,3,1,0,4,3,3,0,4,1,4,17,True,True,True,True,False,False,111.4,100.0,Strong,35.0,38.8,15.0,38.8,31.7,19.0,0.19,Low,True
332,1,2,0,2,4,4,3,0,4,3,2,2,4,4,1,1,1,3,0,0,9,True,True,True,False,False,False,53.6,100.0,Strong,63.8,53.8,57.5,16.2,50.2,30.1,0.301,Low,True
333,2,1,0,1,4,0,1,4,0,4,1,2,4,4,2,1,2,2,1,4,10,False,True,True,False,False,False,51.7,96.2,Strong,78.8,35.0,61.2,46.2,56.9,35.7,0.357,Low,True
334,3,1,0,1,4,4,4,0,0,1,1,3,4,4,0,2,3,3,4,0,8,False,True,False,True,False,False,46.9,88.2,Strong,85.0,46.2,72.5,52.5,65.7,44.1,0.441,Moderate,True
335,2,3,4,4,0,4,3,0,4,2,2,2,4,4,3,3,3,0,3,4,9,True,True,True,True,False,False,59.0,100.0,Strong,16.2,57.5,52.5,83.8,49.1,29.5,0.295,Low,True
336,1,0,0,1,4,0,3,4,0,2,0,4,4,0,0,4,4,0,3,4,4,False,True,True,False,True,True,3.6,0.0,Weak,76.2,52.5,100.0,95.0,80.0,88.0,0.88,High,True
337,4,0,0,1,4,4,4,0,0,0,1,1,0,0,2,4,4,0,4,4,6,False,True,True,False,True,False,7.8,0.0,Weak,95.0,50.0,45.0,100.0,72.2,83.3,0.833,High,True
338,2,3,4,3,4,4,3,4,4,3,4,0,0,4,4,1,1,4,2,0,16,False,True,True,False,False,False,82.7,100.0,Strong,36.2,38.8,0.0,21.2,24.8,14.9,0.149,Low,True
339,2,3,4,1,0,4,3,4,0,1,3,0,4,4,3,0,2,3,2,4,8,True,True,True,False,False,True,33.3,60.5,Moderate,31.2,26.2,33.8,40.0,32.4,35.2,0.352,Low,True
340,3,3,4,1,0,4,1,0,4,2,1,4,4,0,2,3,2,4,2,0,10,False,True,False,False,True,False,11.8,4.7,Weak,37.5,47.5,88.8,38.8,53.1,70.0,0.7,High,True
341,3,1,4,1,4,0,4,0,4,0,0,3,4,0,2,3,3,2,2,4,4,False,True,False,False,False,False,18.8,21.3,Weak,60.0,100.0,88.8,68.8,78.9,78.8,0.788,High,True
342,0,2,4,3,4,4,2,4,4,4,4,1,0,0,3,2,2,4,1,0,10,True,True,True,True,False,False,65.5,100.0,Strong,27.5,30.0,23.8,27.5,27.2,16.3,0.163,Low,True
343,0,3,4,3,0,4,4,4,4,2,3,2,0,0,2,4,2,2,2,0,12,True,True,False,True,False,True,53.7,94.5,Strong,8.8,47.5,38.8,55.0,35.2,23.3,0.233,Low,True
344,0,2,0,0,4,4,2,0,0,2,1,2,4,0,2,2,2,1,2,0,4,False,True,True,False,False,False,20.7,29.5,Weak,67.5,32.5,76.2,47.5,56.9,62.3,0.623,Moderate,True
345,1,2,4,3,0,4,2,4,4,4,3,1,0,4,4,0,0,3,0,0,10,False,True,True,False,False,False,51.7,96.2,Strong,18.8,30.0,12.5,5.0,17.2,11.8,0.118,Low,True
346,2,1,0,1,4,0,3,0,0,1,1,4,0,4,1,3,4,0,3,4,6,False,True,False,False,False,True,19.7,12.8,Weak,78.8,71.2,51.2,88.8,72.0,78.1,0.781,High,True
347,3,3,4,2,0,0,4,0,4,1,3,0,0,4,4,1,2,1,2,4,11,True,True,True,False,True,False,16.4,22.3,Weak,32.5,96.2,6.2,56.2,46.6,59.0,0.59,Moderate,True
348,2,4,0,3,0,4,1,4,4,2,0,3,0,0,2,2,1,3,3,4,11,True,True,True,True,False,False,72.1,100.0,Strong,42.5,32.5,63.8,52.5,47.3,28.4,0.284,Low,True
349,4,1,0,1,4,0,3,0,0,0,1,4,4,4,0,3,3,1,3,4,9,True,True,False,False,False,False,51.3,95.5,Strong,91.2,75.0,78.8,78.8,81.6,50.8,0.508,Moderate,True
350,1,3,4,4,0,4,1,0,0,4,2,1,0,4,3,1,0,4,0,0,14,True,True,True,False,False,False,83.4,100.0,Strong,10.0,20.0,21.2,6.2,14.6,8.8,0.088,Low,True
351,1,1,4,1,4,0,3,0,0,2,1,3,4,0,3,4,2,1,4,4,7,True,True,True,True,False,False,45.9,81.5,Strong,47.5,67.5,80.0,85.0,68.1,48.3,0.483,Moderate,True
352,0,2,0,2,0,4,1,0,0,4,1,4,0,0,1,2,1,3,1,0,11,False,True,False,True,False,True,45.1,75.2,Strong,42.5,20.0,66.2,27.5,39.8,33.8,0.338,Low,True
353,4,1,0,1,0,0,3,0,4,2,0,4,4,0,0,3,3,2,3,4,6,True,True,True,False,False,False,35.7,59.5,Moderate,76.2,87.5,100.0,73.8,84.5,66.9,0.669,Moderate,True
354,0,3,0,2,0,4,2,4,0,2,3,2,0,4,1,3,4,1,3,4,10,False,True,False,False,True,False,11.8,4.7,Weak,38.8,17.5,26.2,83.8,39.3,61.7,0.617,Moderate,True
355,1,4,4,1,4,4,1,0,0,2,3,1,4,4,4,3,4,0,3,4,4,False,True,True,True,True,False,6.1,0.0,Weak,36.2,27.5,37.5,88.8,44.9,66.9,0.669,Moderate,True
356,1,3,0,3,0,0,3,0,4,2,2,0,0,0,0,2,3,0,4,0,9,True,True,True,True,False,False,59.0,100.0,Strong,40.0,87.5,37.5,67.5,56.8,34.1,0.341,Low,True
357,2,3,4,2,4,0,1,0,4,3,3,1,4,4,3,0,2,2,4,0,14,False,True,False,False,False,False,65.8,100.0,Strong,41.2,73.8,40.0,40.0,48.8,29.3,0.293,Low,True
358,1,1,0,2,4,0,3,0,4,1,1,1,0,0,3,2,1,1,2,0,10,False,True,True,False,True,False,12.9,11.5,Weak,67.5,91.2,42.5,42.5,62.2,72.7,0.727,High,True
359,2,1,4,1,4,4,3,0,0,3,1,2,4,4,2,3,3,0,4,4,9,False,True,False,False,False,False,42.3,75.5,Strong,53.8,33.8,61.2,88.8,57.6,44.4,0.444,Moderate,True
360,2,1,4,1,4,0,3,4,4,0,1,3,0,0,1,1,1,3,3,0,6,True,True,True,False,False,False,35.7,59.5,Moderate,53.8,80.0,60.0,31.2,57.4,50.6,0.506,Moderate,True
361,3,1,0,2,0,4,0,4,0,2,2,4,4,0,3,3,4,1,2,0,6,False,True,False,False,False,False,28.2,37.0,Weak,65.0,7.5,80.0,63.8,54.1,57.7,0.577,Moderate,True
362,2,4,4,1,0,0,3,4,4,3,0,2,4,4,3,2,1,1,4,0,7,True,True,True,False,False,False,41.7,69.5,Moderate,27.5,68.8,65.0,52.5,52.2,43.5,0.435,Moderate,True
363,2,3,4,1,0,4,3,4,4,3,4,0,0,0,2,2,1,3,1,4,8,False,True,True,True,False,False,48.7,96.2,Strong,31.2,38.8,20.0,42.5,32.6,21.1,0.211,Low,True
364,4,0,0,1,4,4,2,0,4,2,2,3,4,0,1,3,1,0,2,0,12,False,True,True,False,False,False,62.0,100.0,Strong,95.0,52.5,78.8,53.8,72.1,43.3,0.433,Moderate,True
365,4,2,4,1,4,4,2,4,4,3,3,2,4,0,2,3,3,4,2,4,10,False,True,True,False,False,True,36.2,60.3,Moderate,62.5,33.8,63.8,58.8,54.9,48.8,0.488,Moderate,True
366,1,3,4,1,0,4,3,4,0,2,4,2,4,0,3,2,0,2,2,4,8,False,True,False,False,False,False,37.6,67.7,Moderate,25.0,22.5,55.0,47.5,36.4,34.8,0.348,Low,True
367,1,1,4,0,4,0,1,4,4,2,0,3,4,0,1,2,3,1,1,4,7,False,True,False,False,True,False,8.2,0.0,Weak,52.5,62.5,91.2,62.5,66.7,80.0,0.8,High,True
368,4,0,0,0,4,0,3,4,0,0,3,2,4,4,1,3,4,0,2,0,8,False,True,False,False,False,False,37.6,67.7,Moderate,100.0,60.0,51.2,68.8,71.6,55.9,0.559,Moderate,True
369,2,2,4,1,0,0,1,4,0,2,3,1,4,4,4,1,2,3,1,0,5,False,True,True,True,True,False,7.6,0.0,Weak,35.0,42.5,37.5,26.2,35.8,61.5,0.615,Moderate,True
370,1,4,0,2,0,0,3,0,4,1,2,2,4,0,1,0,1,2,1,0,5,True,True,True,False,False,False,29.8,49.7,Moderate,41.2,91.2,72.5,20.0,57.3,54.5,0.545,Moderate,True
371,1,2,0,3,4,0,2,4,0,2,3,3,4,4,2,1,0,3,1,0,12,True,True,True,True,False,False,78.7,100.0,Strong,58.8,47.5,55.0,16.2,46.5,27.9,0.279,Low,True
372,1,3,0,3,0,0,2,0,0,1,4,1,0,0,3,2,1,2,2,0,10,False,True,True,True,False,True,42.6,76.0,Strong,40.0,66.2,23.8,37.5,42.0,34.8,0.348,Low,True
373,2,2,4,3,4,0,4,0,4,2,2,2,4,4,3,3,2,2,2,4,7,True,True,False,False,True,False,10.0,0.0,Weak,40.0,92.5,52.5,63.8,61.0,76.6,0.766,High,True
374,1,2,4,3,0,4,2,4,0,4,3,1,0,0,3,1,2,3,2,0,5,False,True,True,True,False,True,21.3,25.5,Weak,18.8,10.0,30.0,31.2,21.9,42.9,0.429,Moderate,True
375,4,1,4,2,4,0,3,0,4,3,0,4,4,0,0,0,4,2,2,0,11,True,True,True,False,False,False,65.5,100.0,Strong,61.2,83.8,100.0,40.0,72.3,43.4,0.434,Moderate,True
376,0,4,4,4,0,4,1,4,0,4,4,0,0,0,4,1,0,4,2,0,10,False,True,True,True,False,False,60.9,100.0,Strong,0.0,5.0,15.0,16.2,8.2,4.9,0.049,Low,True
377,4,1,0,1,4,4,3,4,4,2,1,3,4,0,1,2,4,0,3,4,9,False,True,True,True,True,False,13.7,17.8,Weak,91.2,42.5,85.0,82.5,75.8,78.4,0.784,High,True
378,4,0,0,0,4,4,3,0,4,0,1,3,4,0,2,4,4,1,3,0,6,True,True,False,False,True,False,8.6,0.0,Weak,100.0,65.0,82.5,75.0,81.9,89.1,0.891,High,True
379,0,3,4,3,0,0,2,4,0,2,3,1,0,4,4,1,1,2,1,4,10,True,True,True,True,False,False,65.5,100.0,Strong,8.8,47.5,12.5,41.2,25.9,15.5,0.155,Low,True
380,1,4,4,1,4,0,2,0,0,1,3,2,4,0,3,0,1,4,3,0,6,True,True,False,False,True,False,8.6,0.0,Weak,36.2,66.2,61.2,20.0,46.8,68.1,0.681,Moderate,True
381,1,3,4,0,4,0,4,0,0,1,1,4,4,0,2,2,3,1,3,0,6,False,True,True,False,False,True,21.7,21.2,Weak,45.0,76.2,88.8,57.5,66.2,71.2,0.712,High,True
382,0,3,4,3,0,0,1,0,4,3,1,1,4,4,3,1,0,4,0,0,12,True,True,True,False,False,False,71.5,100.0,Strong,8.8,73.8,52.5,6.2,35.4,21.2,0.212,Low,True
383,4,2,0,0,0,0,3,0,4,0,1,2,0,0,2,3,3,1,4,4,6,False,True,True,False,False,False,31.0,46.7,Moderate,77.5,95.0,51.2,83.8,76.6,67.3,0.673,Moderate,True
384,3,1,4,1,4,0,2,0,4,1,1,3,4,0,1,2,1,2,4,4,7,False,True,True,False,False,False,36.2,55.3,Moderate,60.0,86.2,85.0,62.5,73.3,61.9,0.619,Moderate,True
385,4,0,0,0,0,0,3,0,4,0,0,4,4,0,2,3,4,0,4,4,8,False,True,False,False,False,True,26.3,38.8,Weak,85.0,95.0,95.0,93.8,91.8,79.6,0.796,High,True
386,4,1,0,2,4,0,3,4,4,1,0,3,4,0,0,4,3,1,3,4,11,True,True,False,False,False,False,62.7,100.0,Strong,86.2,76.2,93.8,85.0,85.4,51.2,0.512,Moderate,True
387,1,3,4,2,0,4,0,0,0,1,4,2,0,4,4,3,2,3,1,4,6,False,True,True,False,True,False,7.8,0.0,Weak,20.0,26.2,12.5,53.8,26.4,55.8,0.558,Moderate,True
388,1,1,0,2,0,0,2,4,0,3,2,1,0,0,3,1,1,4,1,0,9,False,True,True,True,False,False,54.8,100.0,Strong,52.5,43.8,36.2,16.2,39.0,23.4,0.234,Low,True
389,1,3,0,3,0,4,3,0,4,3,3,0,4,4,3,1,2,4,1,4,9,True,True,False,False,True,False,12.8,11.3,Weak,40.0,53.8,33.8,36.2,41.1,60.1,0.601,Moderate,True
390,4,0,4,3,4,0,3,4,0,1,1,2,4,4,0,2,1,2,3,4,10,False,True,True,True,True,False,15.2,20.3,Weak,60.0,56.2,66.2,57.5,60.1,67.9,0.679,Moderate,True
391,4,0,0,0,4,0,3,0,4,0,3,4,0,4,1,4,3,1,3,4,10,False,True,False,False,False,False,47.0,83.3,Strong,100.0,95.0,38.8,85.0,80.4,54.9,0.549,Moderate,True
392,0,2,4,1,0,0,3,0,4,0,0,1,4,4,2,2,1,3,1,0,9,False,True,True,False,False,True,32.6,54.3,Moderate,22.5,95.0,61.2,27.5,51.3,49.1,0.491,Moderate,True
393,2,2,4,1,0,0,3,0,4,0,0,3,4,0,0,2,3,1,3,4,13,False,True,False,False,False,False,61.1,100.0,Strong,35.0,95.0,93.8,72.5,72.2,43.3,0.433,Moderate,True
394,3,2,4,4,0,0,4,0,0,1,2,1,0,0,2,1,0,4,0,0,12,True,True,True,True,False,False,78.7,100.0,Strong,26.2,76.2,38.8,6.2,37.9,22.7,0.227,Low,True
395,3,2,4,2,4,0,1,0,4,1,3,0,0,4,3,3,2,2,2,4,9,False,True,True,False,False,False,46.5,87.5,Strong,51.2,81.2,8.8,63.8,50.6,35.4,0.354,Low,True
396,4,3,4,1,4,4,2,0,4,2,0,2,4,0,1,4,2,1,3,0,8,False,True,False,False,False,False,37.6,67.7,Moderate,58.8,52.5,85.0,65.0,65.0,51.9,0.519,Moderate,True
397,1,3,0,4,0,0,1,0,0,2,1,2,0,4,4,3,3,2,3,0,12,True,True,True,False,False,True,50.0,88.3,Strong,35.0,57.5,31.2,58.8,44.4,31.3,0.313,Low,True
398,2,2,0,2,4,4,2,4,4,4,1,1,0,4,0,1,1,4,0,0,10,False,True,True,True,False,False,60.9,100.0,Strong,70.0,30.0,35.0,11.2,39.5,23.7,0.237,Low,True
399,2,2,4,1,4,0,3,0,4,1,4,0,0,4,4,1,0,2,2,0,5,False,True,True,False,False,False,25.8,38.0,Weak,50.0,91.2,0.0,26.2,43.1,50.7,0.507,Moderate,True
400,2,2,0,1,0,0,3,0,4,3,3,1,0,4,1,3,3,0,2,4,7,True,True,True,False,False,False,41.7,69.5,Moderate,60.0,83.8,20.0,78.8,59.7,48.0,0.48,Moderate,True
401,2,2,0,1,4,0,3,0,4,3,1,1,0,4,2,1,3,2,2,4,6,False,True,False,True,False,False,35.1,53.5,Moderate,75.0,83.8,30.0,56.2,62.2,55.9,0.559,Moderate,True
402,2,2,0,2,4,0,2,0,4,1,2,1,0,0,3,1,2,4,1,0,11,True,True,True,True,False,False,72.1,100.0,Strong,70.0,86.2,36.2,21.2,55.9,33.5,0.335,Low,True
403,0,3,4,2,0,4,1,0,0,4,2,1,0,0,1,0,0,4,1,0,5,True,True,True,False,False,False,29.8,49.7,Moderate,13.8,20.0,41.2,5.0,20.4,32.4,0.324,Low,True
404,0,2,4,3,0,0,4,0,4,0,2,1,4,0,1,4,3,0,3,4,11,True,True,False,True,True,False,17.6,24.3,Weak,12.5,100.0,66.2,90.0,63.3,68.3,0.683,Moderate,True
405,2,2,4,1,0,4,2,0,0,2,3,2,4,0,0,3,2,2,2,0,4,True,True,True,False,False,False,23.8,39.7,Weak,35.0,32.5,68.8,48.8,45.6,51.5,0.515,Moderate,True
406,1,3,4,3,0,4,1,4,4,3,1,4,4,0,0,2,4,0,4,4,11,True,True,True,True,False,False,72.1,100.0,Strong,15.0,28.8,93.8,87.5,52.6,31.6,0.316,Low,True
407,3,2,0,2,0,4,2,4,0,1,1,4,4,0,2,4,3,1,4,4,8,True,True,True,True,False,False,52.4,100.0,Strong,61.2,21.2,88.8,90.0,63.9,38.3,0.383,Low,True
408,1,1,4,2,0,4,0,0,4,3,2,1,0,4,4,1,1,2,1,0,5,False,True,True,False,False,True,18.1,15.2,Weak,27.5,38.8,18.8,26.2,27.9,50.7,0.507,Moderate,True
409,4,1,0,0,4,0,3,0,4,1,1,4,0,4,2,3,4,0,4,4,9,False,True,True,False,False,False,46.5,87.5,Strong,96.2,91.2,48.8,93.8,82.6,54.6,0.546,Moderate,True
410,2,1,0,1,4,0,4,4,4,2,2,2,0,4,2,3,3,2,2,4,4,True,True,False,False,True,False,5.7,0.0,Weak,78.8,77.5,30.0,68.8,64.2,78.5,0.785,High,True
411,4,1,0,1,0,0,4,0,4,1,1,3,0,4,1,2,0,3,2,0,8,True,True,True,True,False,False,52.4,100.0,Strong,76.2,96.2,45.0,27.5,63.7,38.2,0.382,Low,True
412,3,1,0,1,4,0,3,0,4,0,0,4,0,4,1,4,3,1,4,4,9,True,True,False,False,False,False,51.3,95.5,Strong,85.0,95.0,57.5,90.0,81.6,50.8,0.508,Moderate,True
413,3,1,0,1,4,4,1,4,4,1,1,3,4,0,0,3,3,1,4,0,11,True,True,False,False,True,False,15.7,16.2,Weak,85.0,36.2,87.5,68.8,70.2,75.6,0.756,High,True
414,1,4,0,3,0,4,3,4,0,3,3,0,0,4,3,1,3,1,0,4,7,False,True,True,False,False,False,36.2,55.3,Moderate,36.2,18.8,8.8,51.2,28.0,34.7,0.347,Low,True
415,3,1,0,2,0,0,4,0,0,3,2,0,0,4,4,2,2,2,1,4,8,False,True,True,False,True,False,10.3,7.2,Weak,65.0,68.8,12.5,52.5,50.3,67.3,0.673,Moderate,True
416,3,2,4,2,4,0,2,4,4,0,3,1,0,4,3,1,2,1,2,0,11,False,True,True,False,False,True,39.8,66.3,Moderate,51.2,75.0,15.0,41.2,46.1,41.1,0.411,Moderate,True
417,2,1,0,1,0,0,2,0,0,2,4,0,4,4,4,1,2,3,1,0,10,False,True,True,False,False,False,51.7,96.2,Strong,63.8,62.5,25.0,26.2,46.2,29.2,0.292,Low,True
418,1,2,4,4,0,0,3,4,0,3,4,1,0,4,3,1,0,4,0,0,14,False,True,True,False,False,False,72.4,100.0,Strong,13.8,48.8,8.8,6.2,19.8,11.9,0.119,Low,True
419,2,3,0,2,4,4,2,4,0,2,0,4,4,0,1,1,2,2,2,4,15,True,True,True,False,False,False,89.3,100.0,Strong,66.2,17.5,97.5,51.2,58.9,35.3,0.353,Low,True
420,2,3,4,4,4,4,1,4,0,1,4,0,4,4,3,2,3,1,2,4,10,True,True,True,False,False,False,59.5,100.0,Strong,31.2,16.2,27.5,67.5,33.8,20.3,0.203,Low,True
421,2,3,4,2,0,0,2,0,0,3,1,3,4,0,0,3,3,1,3,4,10,True,True,True,False,False,False,59.5,100.0,Strong,26.2,58.8,87.5,78.8,60.2,36.1,0.361,Low,True
422,3,0,0,0,4,0,3,0,4,0,1,1,0,0,0,2,1,2,3,0,6,False,True,True,False,True,False,7.8,0.0,Weak,93.8,95.0,50.0,42.5,72.9,83.7,0.837,High,True
423,2,2,0,1,4,0,4,0,0,1,0,3,4,0,1,2,3,1,3,4,4,True,True,False,False,True,True,4.0,0.0,Weak,75.0,76.2,91.2,72.5,78.9,87.3,0.873,High,True
424,4,0,0,0,4,0,3,0,4,1,1,3,0,4,2,4,4,1,4,4,6,False,True,True,False,False,False,31.0,46.7,Moderate,100.0,91.2,42.5,95.0,82.4,70.8,0.708,High,True
425,3,0,0,0,4,4,1,4,0,3,1,4,4,0,0,3,4,2,3,4,4,False,True,False,False,False,False,18.8,21.3,Weak,93.8,8.8,93.8,78.8,69.5,73.2,0.732,High,True
426,1,2,0,1,4,4,3,4,0,2,0,4,0,0,1,4,2,1,3,4,7,True,True,False,False,False,False,39.9,61.5,Moderate,68.8,22.5,72.5,80.0,60.4,51.6,0.516,Moderate,True
427,2,4,4,3,4,0,3,0,4,3,2,2,0,4,3,0,1,3,2,0,7,True,True,True,True,True,False,11.5,4.2,Weak,32.5,83.8,27.5,20.0,41.6,63.3,0.633,Moderate,True
428,0,2,4,4,0,4,2,0,0,2,4,4,0,0,4,3,0,3,1,0,13,False,True,True,True,False,False,79.1,100.0,Strong,7.5,32.5,40.0,28.8,26.1,15.7,0.157,Low,True
429,4,1,0,1,4,0,1,0,4,2,1,3,4,0,1,4,3,0,4,0,6,False,True,True,False,True,False,7.8,0.0,Weak,91.2,77.5,85.0,80.0,84.0,90.4,0.904,High,True
430,0,3,0,4,4,0,2,4,0,3,2,2,4,0,2,2,2,2,1,4,7,False,True,True,False,False,False,36.2,55.3,Moderate,43.8,43.8,70.0,52.5,52.1,49.1,0.491,Moderate,True
431,4,1,4,0,0,0,3,0,4,1,1,3,4,0,2,4,3,1,4,4,8,False,True,True,False,True,False,10.3,7.2,Weak,56.2,91.2,82.5,90.0,78.3,84.1,0.841,High,True
432,1,3,4,2,0,0,3,4,4,2,3,1,0,0,4,2,0,4,2,0,8,False,True,True,False,False,False,41.4,79.0,Strong,20.0,72.5,27.5,22.5,35.5,29.7,0.297,Low,True
433,2,0,4,1,4,0,2,4,4,2,1,3,4,0,0,3,4,1,4,4,7,True,True,True,False,False,False,41.7,69.5,Moderate,57.5,67.5,87.5,88.8,73.8,56.5,0.565,Moderate,True
434,4,2,0,1,4,0,4,0,4,1,0,3,4,0,1,3,3,0,4,4,6,True,True,False,False,False,True,23.9,24.8,Weak,87.5,96.2,91.2,88.8,90.9,84.6,0.846,High,True
435,3,1,4,3,0,0,1,0,0,2,4,1,4,4,1,1,1,3,0,0,13,True,True,True,False,False,False,77.4,100.0,Strong,35.0,57.5,38.8,16.2,37.8,22.7,0.227,Low,True
436,3,0,4,1,4,4,2,4,0,2,0,2,4,4,1,2,3,1,3,4,8,True,True,True,False,True,False,11.9,14.8,Weak,63.8,17.5,70.0,72.5,55.5,67.4,0.674,Moderate,True
437,4,1,4,1,4,4,3,0,4,0,0,4,4,0,1,4,3,1,1,0,6,True,True,True,True,False,True,27.5,40.8,Moderate,66.2,65.0,97.5,60.0,72.5,67.2,0.672,Moderate,True
438,3,1,0,0,4,4,4,0,4,2,3,3,0,0,1,2,4,1,3,4,4,False,True,True,False,False,False,20.7,29.5,Weak,90.0,62.5,47.5,77.5,70.0,70.2,0.702,High,True
439,0,1,0,3,0,0,2,4,4,1,0,3,4,4,1,3,3,0,4,4,16,True,True,True,True,False,False,104.9,100.0,Strong,41.2,71.2,76.2,88.8,67.0,40.2,0.402,Moderate,True
440,1,3,0,2,4,4,2,4,4,1,2,2,0,0,2,3,2,0,3,4,14,True,True,True,False,False,True,58.4,100.0,Strong,60.0,41.2,45.0,78.8,55.3,33.2,0.332,Low,True
441,1,0,0,2,4,0,3,0,4,1,2,2,4,0,2,1,2,3,0,0,12,True,True,True,False,False,False,71.5,100.0,Strong,71.2,91.2,70.0,21.2,65.9,39.5,0.395,Low,True
442,2,1,4,3,0,0,0,0,0,3,3,2,0,0,4,2,3,2,1,4,9,False,True,True,False,False,False,46.5,87.5,Strong,28.8,48.8,33.8,57.5,40.8,29.5,0.295,Low,True
443,3,3,0,3,4,4,2,0,0,3,1,3,0,0,2,1,3,1,1,0,9,True,True,False,True,False,False,57.5,100.0,Strong,67.5,28.8,57.5,41.2,50.1,30.1,0.301,Low,True
444,2,3,4,1,4,4,3,4,0,2,4,1,0,0,3,1,3,3,1,0,9,True,True,True,False,True,False,13.4,17.3,Weak,46.2,22.5,23.8,31.2,31.7,52.1,0.521,Moderate,True
445,2,2,0,2,4,4,2,0,4,1,0,1,4,0,2,3,3,2,3,0,7,True,True,False,False,True,False,10.0,0.0,Weak,70.0,56.2,76.2,58.8,65.9,79.5,0.795,High,True
446,3,2,0,1,0,0,4,0,4,0,0,3,4,0,0,4,3,0,3,4,5,False,True,False,False,False,False,23.5,29.2,Weak,66.2,100.0,93.8,90.0,86.3,80.1,0.801,High,True
447,0,3,0,4,0,0,2,0,0,2,2,3,0,0,3,0,0,4,1,0,15,False,True,True,True,False,False,91.3,100.0,Strong,28.8,62.5,48.8,5.0,37.4,22.4,0.224,Low,True
448,1,2,0,1,0,0,4,0,0,2,0,2,4,4,1,0,0,3,1,4,8,False,True,False,False,False,False,37.6,67.7,Moderate,53.8,72.5,70.0,25.0,56.8,47.0,0.47,Moderate,True
449,2,3,4,3,0,0,3,0,4,3,2,1,4,0,2,2,1,3,0,0,8,True,True,True,False,False,False,47.6,94.3,Strong,21.2,83.8,63.8,22.5,47.8,31.0,0.31,Low,True
450,2,2,0,4,0,0,0,4,0,2,2,2,0,0,4,1,2,3,0,0,14,True,True,True,True,False,False,91.8,100.0,Strong,45.0,37.5,40.0,21.2,37.1,22.3,0.223,Low,True
451,1,3,4,1,0,0,3,4,4,1,1,3,0,0,1,2,1,3,3,0,6,False,True,False,False,False,False,28.2,37.0,Weak,25.0,76.2,60.0,37.5,49.1,54.7,0.547,Moderate,True
452,2,2,0,3,0,0,3,0,4,3,3,1,0,4,3,3,1,1,4,4,6,False,True,True,False,False,False,31.0,46.7,Moderate,50.0,83.8,15.0,73.8,54.4,54.0,0.54,Moderate,True
453,1,4,4,4,4,4,1,4,4,3,4,0,4,4,4,1,0,2,3,0,9,False,True,False,False,False,False,42.3,75.5,Strong,21.2,28.8,25.0,31.2,26.1,25.5,0.255,Low,True
454,0,4,4,4,0,4,0,4,0,2,3,3,0,4,2,1,1,4,0,0,10,True,True,False,False,False,False,57.0,100.0,Strong,0.0,7.5,30.0,11.2,11.6,7.0,0.07,Low,True
455,2,1,0,1,0,0,0,4,4,3,1,3,0,0,0,3,3,2,0,4,8,False,True,False,False,False,False,37.6,67.7,Moderate,63.8,53.8,62.5,58.8,59.9,48.9,0.489,Moderate,True
456,1,1,4,1,0,4,2,0,0,1,1,4,4,0,2,3,2,1,2,4,8,False,True,False,False,True,False,9.4,0.7,Weak,32.5,36.2,88.8,68.8,54.8,72.6,0.726,High,True
457,3,0,0,2,4,4,0,4,0,3,3,3,0,0,4,2,0,1,1,0,12,False,True,True,False,False,False,62.0,100.0,Strong,83.8,3.8,40.0,32.5,42.6,25.6,0.256,Low,True
458,3,1,0,0,4,4,0,0,0,3,1,3,0,4,1,4,2,0,2,4,6,False,True,True,True,False,False,36.5,60.8,Moderate,90.0,18.8,45.0,80.0,58.9,51.0,0.51,Moderate,True
459,1,2,4,3,4,0,3,0,4,1,0,2,4,0,0,3,3,1,3,4,9,False,True,True,True,False,False,54.8,100.0,Strong,33.8,91.2,87.5,78.8,70.6,42.4,0.424,Moderate,True
460,3,3,0,3,4,0,2,0,4,2,1,2,0,0,3,2,3,1,4,4,13,True,True,False,False,False,False,74.1,100.0,Strong,67.5,82.5,48.8,77.5,68.6,41.2,0.412,Moderate,True
461,1,4,4,3,0,0,3,0,0,2,1,1,4,4,2,1,1,1,2,4,13,True,True,True,True,False,False,85.2,100.0,Strong,11.2,67.5,55.0,51.2,44.2,26.5,0.265,Low,True
462,3,0,4,0,4,4,4,0,4,1,1,1,4,4,2,1,3,1,4,4,6,False,True,False,False,False,False,28.2,37.0,Weak,68.8,66.2,55.0,71.2,65.2,64.3,0.643,Moderate,True
463,4,0,0,0,4,0,3,0,0,1,0,4,4,0,0,2,0,1,3,0,7,False,True,False,False,True,False,8.2,0.0,Weak,100.0,71.2,100.0,42.5,81.3,88.8,0.888,High,True
464,3,1,0,1,4,0,3,0,4,1,1,4,4,0,0,4,3,0,4,4,7,False,True,True,True,True,False,10.7,0.0,Weak,85.0,91.2,93.8,95.0,90.8,94.5,0.945,High,True
465,3,2,4,0,4,0,3,0,4,1,1,3,4,4,1,4,4,1,4,4,4,False,True,False,False,False,False,18.8,21.3,Weak,61.2,91.2,70.0,95.0,77.7,78.1,0.781,High,True
466,4,1,4,2,4,4,4,0,4,0,3,3,0,4,2,2,2,2,3,4,14,False,True,True,False,False,True,50.7,84.5,Strong,61.2,70.0,30.0,62.5,55.9,39.7,0.397,Low,True
467,1,2,4,3,0,0,3,0,4,1,0,3,0,0,0,2,2,3,3,0,9,False,True,True,True,True,False,13.7,17.8,Weak,18.8,91.2,68.8,42.5,54.1,65.3,0.653,Moderate,True
468,0,3,4,2,4,4,0,4,0,2,3,1,0,4,3,2,1,3,1,0,10,False,True,True,False,False,False,51.7,96.2,Strong,28.8,7.5,15.0,27.5,19.8,13.4,0.134,Low,True
469,1,2,4,4,4,0,0,4,0,0,3,0,0,4,3,1,1,4,1,0,8,True,True,True,True,False,False,52.4,100.0,Strong,28.8,45.0,8.8,16.2,25.3,15.2,0.152,Low,True
470,4,1,4,1,4,4,0,4,4,4,1,4,4,0,0,4,3,0,3,4,9,True,True,False,False,False,False,51.3,95.5,Strong,66.2,20.0,93.8,90.0,66.3,41.6,0.416,Moderate,True
471,1,2,0,2,0,0,3,0,4,2,1,4,4,0,1,2,2,2,2,0,6,True,True,True,False,True,False,8.9,0.0,Weak,48.8,87.5,91.2,42.5,67.8,80.7,0.807,High,True
472,2,3,4,1,4,0,2,0,0,1,1,2,0,4,1,1,3,0,2,0,12,False,True,True,False,False,False,62.0,100.0,Strong,46.2,66.2,38.8,51.2,50.4,30.2,0.302,Low,True
473,2,1,0,2,4,0,4,0,0,1,4,2,0,0,3,4,2,1,3,0,13,True,True,False,True,False,False,83.1,100.0,Strong,73.8,76.2,30.0,65.0,61.7,37.0,0.37,Low,True
474,2,1,0,1,4,4,0,4,0,3,1,3,0,0,2,1,1,2,1,0,9,True,True,True,False,False,False,53.6,100.0,Strong,78.8,3.8,57.5,26.2,44.2,26.5,0.265,Low,True
475,2,2,0,1,0,0,2,4,4,3,3,0,4,4,3,0,0,3,1,4,8,True,True,True,False,True,True,8.3,0.0,Weak,60.0,63.8,33.8,25.0,47.4,68.4,0.684,Moderate,True
476,1,0,4,1,4,0,4,0,0,4,3,2,0,4,1,4,4,2,2,0,7,False,True,True,False,True,False,9.0,0.0,Weak,51.2,65.0,26.2,65.0,51.2,70.7,0.707,High,True
477,0,3,4,4,0,0,4,4,4,3,4,0,0,4,4,2,0,2,1,4,11,False,True,False,True,False,False,64.4,100.0,Strong,3.8,73.8,0.0,42.5,28.1,16.9,0.169,Low,True
478,3,1,0,1,4,0,3,4,4,1,1,4,4,0,0,3,4,0,4,4,9,False,True,False,True,True,False,13.2,12.0,Weak,85.0,76.2,93.8,93.8,86.8,87.3,0.873,High,True
479,2,2,4,1,4,0,2,0,4,0,1,3,0,0,3,1,3,1,2,4,8,True,True,True,True,False,True,36.7,71.2,Strong,50.0,90.0,55.0,61.2,63.5,49.6,0.496,Moderate,True
480,1,1,0,4,4,4,1,4,0,4,4,0,0,4,4,0,0,4,1,0,14,True,True,True,True,False,False,91.8,100.0,Strong,57.5,5.0,0.0,5.0,19.5,11.7,0.117,Low,True
481,4,2,0,2,4,4,1,4,0,1,0,3,4,0,0,1,3,3,2,4,7,True,True,False,True,False,False,44.7,74.5,Strong,82.5,16.2,93.8,51.2,62.5,47.7,0.477,Moderate,True
482,1,4,4,3,0,4,1,4,0,3,4,0,0,4,4,3,4,3,1,4,14,False,True,False,True,False,False,82.0,100.0,Strong,11.2,8.8,0.0,63.8,18.3,11.0,0.11,Low,True
483,1,2,0,2,0,0,4,0,4,1,1,3,4,0,1,4,2,3,1,4,8,True,True,True,False,False,False,47.6,94.3,Strong,48.8,96.2,85.0,60.0,71.9,45.4,0.454,Moderate,True
484,1,3,0,4,0,4,3,0,4,1,2,3,4,0,3,2,3,3,4,4,10,True,True,True,True,False,False,65.5,100.0,Strong,35.0,61.2,73.8,67.5,57.8,34.7,0.347,Low,True
485,3,2,0,1,0,0,2,0,0,3,1,2,4,4,2,2,3,3,3,0,9,False,True,True,False,False,False,46.5,87.5,Strong,66.2,58.8,61.2,47.5,59.4,40.6,0.406,Moderate,True
486,2,1,0,3,0,4,0,4,4,0,1,2,4,0,1,3,1,2,0,4,11,True,True,True,True,False,False,72.1,100.0,Strong,53.8,35.0,78.8,48.8,54.3,32.6,0.326,Low,True
487,3,2,0,1,4,0,2,0,4,0,0,3,4,4,1,4,3,0,4,0,4,False,True,False,True,True,False,5.9,0.0,Weak,81.2,90.0,76.2,80.0,81.9,89.1,0.891,High,True
488,1,2,0,1,4,0,3,4,4,1,1,1,0,0,4,3,1,2,4,0,7,True,True,False,False,False,True,27.9,31.5,Weak,68.8,76.2,40.0,53.8,60.4,63.6,0.636,Moderate,True
489,3,0,0,1,4,0,3,0,4,2,1,3,4,4,2,2,3,2,2,4,4,False,True,False,True,False,False,23.4,34.0,Weak,88.8,87.5,67.5,62.5,77.9,73.1,0.731,High,True
490,3,1,0,2,0,4,1,0,0,3,2,2,0,4,2,1,1,2,1,0,7,True,True,False,False,True,False,10.0,0.0,Weak,65.0,23.8,30.0,26.2,38.2,62.9,0.629,Moderate,True
491,1,4,4,4,0,4,3,4,4,1,2,3,4,0,2,1,0,2,2,0,10,True,True,True,False,False,False,59.5,100.0,Strong,6.2,46.2,76.2,26.2,37.8,22.7,0.227,Low,True
492,4,0,0,0,4,0,3,4,0,2,3,1,0,0,3,3,2,2,2,4,7,False,True,False,False,False,False,32.9,44.8,Moderate,100.0,52.5,30.0,63.8,63.4,60.1,0.601,Moderate,True
493,4,0,0,0,4,4,3,0,4,1,1,4,4,0,0,2,2,1,1,4,5,False,True,True,False,True,True,4.5,0.0,Weak,100.0,61.2,93.8,57.5,80.2,88.1,0.881,High,True
494,1,1,0,1,0,4,2,4,0,1,4,0,0,4,2,3,3,1,2,4,6,False,True,False,False,True,False,7.1,0.0,Weak,57.5,21.2,5.0,73.8,38.6,63.2,0.632,Moderate,True
495,0,1,0,3,4,4,3,0,4,0,3,1,0,0,2,2,1,4,1,0,13,True,True,True,False,False,False,77.4,100.0,Strong,56.2,65.0,32.5,22.5,45.8,27.5,0.275,Low,True
496,1,4,4,3,4,4,2,0,4,2,4,0,0,4,3,2,1,3,2,4,15,True,True,True,False,False,False,89.3,100.0,Strong,26.2,52.5,2.5,47.5,31.1,18.7,0.187,Low,True
497,4,1,0,2,4,0,3,0,4,1,1,4,4,0,1,3,3,1,3,4,7,True,True,True,True,False,False,45.9,81.5,Strong,86.2,91.2,91.2,78.8,87.2,59.7,0.597,Moderate,True
498,2,0,0,2,0,4,3,0,0,2,2,2,4,0,0,3,4,0,2,0,11,False,True,True,False,False,False,56.9,100.0,Strong,62.5,37.5,75.0,68.8,60.6,36.4,0.364,Low,True
499,3,1,0,0,0,0,4,0,4,0,3,2,4,0,0,3,3,1,1,4,7,False,True,True,False,False,True,25.3,27.2,Weak,75.0,100.0,68.8,68.8,78.4,76.2,0.762,High,True
500,1,1,4,2,4,0,3,0,4,0,1,3,0,0,0,4,1,1,4,4,5,False,True,False,False,False,False,23.5,29.2,Weak,42.5,95.0,62.5,80.0,68.1,69.2,0.692,Moderate,True
501,1,3,4,3,4,4,1,4,0,2,3,1,0,0,2,1,3,2,1,0,8,False,True,True,False,False,False,41.4,79.0,Strong,30.0,12.5,32.5,36.2,27.5,24.9,0.249,Low,True
502,1,4,4,4,0,4,2,4,0,4,1,2,0,4,2,2,1,3,1,0,5,True,True,False,True,False,False,32.0,53.3,Moderate,6.2,10.0,36.2,27.5,18.9,30.0,0.3,Low,True
503,3,3,4,0,0,0,2,0,0,1,0,3,4,4,3,2,1,2,2,4,7,False,True,True,False,True,False,9.0,0.0,Weak,42.5,66.2,71.2,52.5,57.6,74.6,0.746,High,True
504,4,0,0,0,4,0,4,4,4,0,0,4,4,0,1,3,2,1,2,4,4,False,True,True,False,True,True,3.6,0.0,Weak,100.0,85.0,97.5,68.8,89.4,93.6,0.936,High,True
505,4,0,0,1,4,0,4,0,4,1,1,4,4,0,1,4,3,0,3,4,8,False,True,True,True,True,True,8.5,0.0,Weak,95.0,96.2,91.2,90.0,93.4,96.0,0.96,High,True
506,4,1,0,2,0,0,4,0,4,1,2,1,4,0,1,3,2,0,4,4,15,False,True,True,True,False,False,91.3,100.0,Strong,71.2,96.2,66.2,83.8,78.8,47.3,0.473,Moderate,True
507,0,4,4,2,0,4,1,4,0,4,4,0,0,4,4,1,1,4,0,0,13,False,True,True,False,False,False,67.2,100.0,Strong,10.0,5.0,0.0,11.2,6.5,3.9,0.039,Low,True
508,2,3,4,4,0,4,1,4,0,2,4,1,0,0,2,3,2,3,2,0,10,False,True,True,True,False,False,60.9,100.0,Strong,16.2,12.5,26.2,43.8,23.3,14.0,0.14,Low,True
509,4,0,4,0,4,4,4,0,0,3,3,4,4,4,1,4,3,1,2,4,4,False,True,True,False,False,False,20.7,29.5,Weak,75.0,38.8,63.8,80.0,64.1,66.7,0.667,Moderate,True
510,3,1,0,0,4,4,2,4,0,2,2,4,4,4,1,2,3,1,3,4,9,True,True,True,False,True,False,13.4,17.3,Weak,90.0,17.5,70.0,72.5,63.4,71.1,0.711,High,True
511,4,0,0,0,4,0,4,0,4,0,2,3,4,0,0,4,4,0,4,4,4,False,True,False,True,True,False,5.9,0.0,Weak,100.0,100.0,81.2,100.0,95.3,97.2,0.972,High,True
512,2,1,4,0,4,0,3,0,0,0,1,4,4,0,1,1,1,2,1,0,9,False,True,False,False,False,False,42.3,75.5,Strong,58.8,75.0,91.2,26.2,64.4,48.4,0.484,Moderate,True
513,2,1,4,2,0,4,2,0,0,2,2,3,0,4,2,1,1,2,1,0,15,False,True,True,False,False,False,77.5,100.0,Strong,33.8,32.5,36.2,26.2,32.6,19.6,0.196,Low,True
514,3,2,0,1,4,0,3,4,0,3,1,3,4,0,0,3,1,2,2,0,9,False,True,True,True,False,True,38.4,69.0,Moderate,81.2,48.8,87.5,43.8,67.2,52.7,0.527,Moderate,True
515,2,1,0,2,4,0,0,0,4,3,2,2,4,0,1,1,3,2,3,0,12,True,True,False,False,False,False,68.4,100.0,Strong,73.8,68.8,72.5,46.2,66.7,40.0,0.4,Moderate,True
516,1,2,0,1,4,0,2,4,0,1,1,3,0,0,2,1,1,4,0,0,10,True,True,True,False,True,False,14.9,19.8,Weak,68.8,51.2,57.5,11.2,50.1,62.1,0.621,Moderate,True
517,1,2,4,3,4,4,2,4,0,2,3,3,4,4,2,2,4,1,3,4,9,True,True,False,True,False,True,40.3,72.2,Strong,33.8,17.5,55.0,77.5,43.8,37.4,0.374,Low,True
518,1,3,4,3,0,4,3,4,0,4,2,2,4,0,2,4,3,2,2,4,11,False,True,True,True,True,True,11.7,4.5,Weak,15.0,15.0,70.0,75.0,40.8,62.7,0.627,Moderate,True
519,1,2,4,2,0,4,0,0,4,3,2,0,0,4,2,3,0,2,1,0,7,False,True,False,False,True,False,8.2,0.0,Weak,23.8,38.8,17.5,33.8,27.9,56.7,0.567,Moderate,True
520,1,4,4,3,0,4,2,4,4,3,4,0,0,0,3,2,2,1,0,4,13,False,True,True,False,False,False,67.2,100.0,Strong,11.2,33.8,17.5,52.5,26.7,16.0,0.16,Low,True
521,4,0,4,0,4,0,4,0,4,0,1,4,4,0,0,3,1,3,3,4,4,False,True,False,False,False,False,18.8,21.3,Weak,75.0,100.0,93.8,58.8,82.7,81.1,0.811,High,True
522,4,1,0,1,4,4,3,4,0,2,1,4,4,0,0,4,1,1,3,4,9,False,True,True,False,True,True,8.1,0.0,Weak,91.2,22.5,93.8,75.0,71.4,82.8,0.828,High,True
523,0,4,4,3,4,4,1,4,0,3,3,0,4,0,3,0,0,4,2,0,13,True,True,False,False,False,False,74.1,100.0,Strong,20.0,8.8,48.8,10.0,22.4,13.4,0.134,Low,True
524,2,2,0,0,4,0,3,0,0,3,1,4,0,4,3,2,2,2,3,0,5,False,True,True,False,True,False,6.5,0.0,Weak,80.0,63.8,46.2,47.5,61.0,76.6,0.766,High,True
525,0,4,4,2,0,4,2,4,0,1,4,3,4,4,2,0,0,4,1,0,7,True,True,False,False,False,True,27.9,31.5,Weak,10.0,21.2,48.8,5.0,21.5,40.3,0.403,Moderate,True
526,4,1,0,1,4,4,2,0,0,1,2,3,0,0,1,3,2,3,3,0,7,False,True,True,False,True,False,9.0,0.0,Weak,91.2,36.2,53.8,48.8,59.6,75.8,0.758,High,True
527,2,2,0,3,0,4,0,4,0,3,3,3,4,0,3,0,1,2,2,0,8,True,True,True,True,False,True,36.7,71.2,Strong,50.0,3.8,67.5,25.0,37.8,34.2,0.342,Low,True
528,1,2,0,0,0,0,1,4,0,1,2,2,4,4,2,1,1,2,1,0,7,True,True,False,False,False,True,27.9,31.5,Weak,58.8,46.2,55.0,26.2,48.2,56.3,0.563,Moderate,True
529,2,4,4,4,4,0,2,0,4,1,2,0,0,0,4,3,2,1,1,4,9,True,True,True,False,False,False,53.6,100.0,Strong,27.5,86.2,27.5,63.8,49.4,29.6,0.296,Low,True
530,2,2,0,4,0,4,0,0,0,2,3,1,0,4,3,1,1,3,1,0,10,True,True,True,False,False,False,59.5,100.0,Strong,45.0,22.5,15.0,21.2,27.1,16.3,0.163,Low,True
531,3,0,0,1,4,0,3,0,0,2,2,1,0,4,2,4,1,3,3,0,9,False,True,False,False,False,True,29.6,44.3,Moderate,88.8,67.5,23.8,50.0,59.4,57.9,0.579,Moderate,True
532,3,1,0,3,4,0,3,4,4,1,1,3,4,0,0,3,3,0,3,0,12,True,True,True,True,False,False,78.7,100.0,Strong,75.0,76.2,87.5,68.8,77.2,46.3,0.463,Moderate,True
533,4,1,0,1,4,0,3,0,4,2,3,1,4,4,1,2,3,1,3,4,7,False,True,True,False,False,False,36.2,55.3,Moderate,91.2,87.5,45.0,72.5,75.0,62.9,0.629,Moderate,True
534,1,3,4,2,4,4,3,4,0,3,3,2,0,4,0,1,4,1,1,0,5,True,True,True,False,True,False,7.4,0.0,Weak,35.0,18.8,28.8,46.2,31.6,59.0,0.59,Moderate,True
535,3,1,4,0,4,0,3,0,4,1,0,3,4,0,0,3,4,0,3,4,9,False,True,False,False,False,False,42.3,75.5,Strong,65.0,91.2,93.8,88.8,83.5,59.9,0.599,Moderate,True
536,4,2,0,1,0,0,1,4,4,3,0,2,0,4,3,3,1,2,3,4,7,False,True,True,False,False,False,36.2,55.3,Moderate,72.5,58.8,40.0,63.8,59.2,53.4,0.534,Moderate,True
537,3,1,0,1,4,4,3,0,4,3,1,4,4,0,1,1,3,2,0,4,12,False,True,False,False,False,False,56.4,99.0,Strong,85.0,53.8,91.2,46.2,71.0,43.0,0.43,Moderate,True
538,1,3,4,3,0,0,1,0,4,3,4,1,0,4,3,0,1,3,2,4,10,True,True,True,False,False,False,59.5,100.0,Strong,15.0,73.8,8.8,35.0,32.1,19.3,0.193,Low,True
539,2,0,0,0,4,0,3,0,4,1,2,3,4,4,0,4,4,0,4,4,7,True,True,False,False,False,True,27.9,31.5,Weak,87.5,91.2,66.2,100.0,85.6,78.8,0.788,High,True
540,3,3,4,1,0,0,3,0,0,1,0,2,4,0,3,2,3,2,2,0,7,False,True,False,False,False,False,32.9,44.8,Moderate,37.5,71.2,80.0,47.5,58.6,57.2,0.572,Moderate,True
541,3,2,4,1,4,0,4,0,4,1,0,3,4,0,1,4,3,1,4,4,8,True,True,True,False,False,False,47.6,94.3,Strong,56.2,96.2,91.2,90.0,81.8,51.4,0.514,Moderate,True
542,0,3,0,3,0,0,2,0,0,3,0,3,4,0,1,0,1,2,0,0,18,True,True,False,True,False,False,115.1,100.0,Strong,33.8,58.8,91.2,15.0,50.6,30.4,0.304,Low,True
543,3,1,4,3,4,0,2,4,0,4,2,2,0,4,3,3,2,3,3,4,9,True,True,False,True,False,False,57.5,100.0,Strong,50.0,40.0,27.5,63.8,44.6,26.8,0.268,Low,True
544,1,3,0,1,4,0,2,0,4,1,1,3,0,0,1,2,1,2,3,4,11,False,True,True,False,False,False,56.9,100.0,Strong,65.0,86.2,60.0,57.5,67.6,40.6,0.406,Moderate,True
545,2,4,4,3,0,0,3,0,4,0,2,1,0,0,3,3,2,1,3,4,10,False,True,True,False,False,False,51.7,96.2,Strong,17.5,95.0,36.2,73.8,52.8,33.2,0.332,Low,True
546,1,3,4,2,0,0,3,0,4,0,2,1,4,4,3,3,2,3,2,0,12,True,True,True,False,False,False,71.5,100.0,Strong,20.0,95.0,46.2,43.8,50.1,30.1,0.301,Low,True
547,4,1,0,2,4,4,3,4,0,1,2,4,4,4,2,2,3,4,1,4,5,False,True,True,False,False,False,25.8,38.0,Weak,86.2,26.2,67.5,47.5,58.8,60.1,0.601,Moderate,True
548,4,2,0,1,4,0,3,0,4,1,1,3,4,0,1,2,3,0,4,4,12,False,True,True,False,False,False,62.0,100.0,Strong,87.5,91.2,85.0,82.5,86.8,52.1,0.521,Moderate,True
549,1,3,0,3,4,0,3,0,0,1,1,2,0,0,3,1,0,3,1,0,11,False,True,True,True,False,False,67.0,100.0,Strong,55.0,71.2,48.8,16.2,49.8,29.9,0.299,Low,True
550,3,1,0,1,4,4,0,4,0,4,3,1,0,4,3,0,4,4,0,0,7,False,True,True,False,False,True,25.3,27.2,Weak,85.0,0.0,15.0,20.0,33.2,49.0,0.49,Moderate,True
551,3,1,4,2,0,4,2,4,0,0,2,1,4,0,3,1,1,3,2,4,11,False,True,True,True,False,False,67.0,100.0,Strong,40.0,25.0,61.2,41.2,41.8,25.1,0.251,Low,True
552,3,3,4,1,4,4,2,4,4,2,3,1,0,4,3,2,2,1,1,4,8,True,True,True,False,True,False,11.9,14.8,Weak,52.5,37.5,15.0,57.5,40.4,58.3,0.583,Moderate,True
553,1,4,4,1,0,0,1,4,0,1,0,1,0,0,4,3,1,2,1,4,5,False,True,True,True,False,False,30.4,50.7,Moderate,21.2,46.2,46.2,53.8,40.2,43.8,0.438,Moderate,True
554,1,4,4,3,0,4,0,4,0,4,4,1,0,4,3,2,0,4,1,4,5,True,True,True,False,False,True,20.8,24.7,Weak,11.2,0.0,8.8,32.5,12.1,37.4,0.374,Low,True
555,2,1,0,1,4,0,2,0,0,1,3,1,4,4,4,1,2,1,4,4,12,False,True,True,False,False,False,62.0,100.0,Strong,78.8,66.2,37.5,66.2,62.8,37.7,0.377,Low,True
556,4,1,4,2,4,0,3,0,4,2,2,1,4,0,3,3,3,1,3,0,8,False,True,True,False,False,False,41.4,79.0,Strong,61.2,87.5,61.2,63.8,68.3,49.4,0.494,Moderate,True
557,3,1,0,0,4,0,4,0,4,1,1,3,0,4,2,2,0,3,1,0,5,False,True,False,False,False,False,23.5,29.2,Weak,90.0,96.2,42.5,22.5,66.2,68.0,0.68,Moderate,True
558,3,0,0,1,4,4,2,4,4,3,0,3,0,0,2,2,4,0,4,4,7,True,True,False,True,False,False,44.7,74.5,Strong,88.8,33.8,63.8,87.5,68.5,51.3,0.513,Moderate,True
559,1,2,4,2,0,0,4,0,4,0,1,4,0,4,3,3,4,1,3,4,12,False,True,False,True,False,True,49.2,82.0,Strong,23.8,100.0,46.2,83.8,60.4,43.4,0.434,Moderate,True
560,3,0,0,1,4,0,4,0,4,1,1,4,4,4,0,4,3,0,2,4,7,False,True,False,False,False,False,32.9,44.8,Moderate,88.8,96.2,78.8,85.0,87.4,74.5,0.745,High,True
561,1,3,4,2,0,4,2,4,0,2,1,2,4,4,1,3,2,3,3,0,10,False,True,True,False,False,False,51.7,96.2,Strong,20.0,17.5,63.8,48.8,36.1,23.2,0.232,Low,True
562,3,2,0,1,0,4,1,0,4,1,3,2,0,4,2,1,2,2,1,0,7,False,True,False,False,True,False,8.2,0.0,Weak,66.2,51.2,23.8,31.2,44.9,66.9,0.669,Moderate,True
563,3,1,0,1,4,4,3,4,0,3,1,0,0,4,3,1,1,3,1,0,5,False,True,True,True,True,False,7.6,0.0,Weak,85.0,18.8,21.2,21.2,39.8,63.9,0.639,Moderate,True
564,3,2,0,0,4,4,3,0,4,2,2,3,4,0,2,3,2,1,4,0,9,False,True,False,False,True,True,7.4,0.0,Weak,86.2,57.5,76.2,63.8,72.1,83.3,0.833,High,True
565,3,2,0,0,0,4,1,4,0,3,2,3,4,4,3,2,1,0,2,4,9,True,True,False,False,False,False,51.3,95.5,Strong,71.2,8.8,58.8,62.5,50.8,32.3,0.323,Low,True
566,3,2,0,0,0,4,2,4,0,3,2,2,4,4,2,0,2,1,1,0,5,True,True,False,False,False,False,28.5,42.5,Moderate,71.2,13.8,55.0,30.0,44.6,49.8,0.498,Moderate,True
567,4,1,0,1,0,0,3,0,0,1,3,2,4,0,3,2,2,1,4,4,8,False,True,True,False,False,False,41.4,79.0,Strong,76.2,71.2,61.2,72.5,70.5,50.7,0.507,Moderate,True
568,4,1,0,1,4,0,3,0,0,2,1,1,4,0,3,4,4,1,2,4,8,False,True,False,True,False,False,46.9,88.2,Strong,91.2,67.5,67.5,85.0,78.1,51.6,0.516,Moderate,True
569,2,1,4,2,4,4,3,4,0,3,3,1,4,4,3,2,1,2,3,4,10,True,True,True,True,False,False,65.5,100.0,Strong,48.8,18.8,40.0,57.5,40.8,24.5,0.245,Low,True
570,1,3,4,2,4,0,3,0,4,1,0,2,4,4,0,4,2,1,4,4,14,False,True,False,False,False,False,65.8,100.0,Strong,35.0,91.2,72.5,85.0,68.4,41.0,0.41,Moderate,True
571,3,1,0,0,4,0,3,0,0,1,1,4,4,0,1,1,3,3,3,0,6,False,True,False,False,False,True,19.7,12.8,Weak,90.0,71.2,91.2,41.2,75.9,80.4,0.804,High,True
572,0,2,0,3,0,4,3,0,4,2,4,1,0,4,3,1,0,3,2,0,9,True,True,False,True,False,False,57.5,100.0,Strong,37.5,57.5,8.8,21.2,32.1,19.3,0.193,Low,True
573,2,2,0,4,4,0,2,0,4,3,2,2,0,0,3,3,1,3,1,4,11,True,True,True,False,False,False,65.5,100.0,Strong,60.0,78.8,42.5,48.8,58.1,34.9,0.349,Low,True
574,3,2,4,1,0,0,4,0,4,0,0,3,4,0,0,3,4,4,2,4,6,False,True,True,True,True,False,9.1,0.0,Weak,41.2,100.0,93.8,63.8,73.6,84.2,0.842,High,True
575,3,2,0,1,0,0,3,0,4,1,4,2,0,4,3,3,2,3,2,0,4,False,True,False,False,True,True,3.3,0.0,Weak,66.2,91.2,15.0,43.8,55.2,73.1,0.731,High,True
576,3,2,0,0,4,0,4,0,4,0,1,2,0,0,1,3,3,0,4,4,7,False,True,False,False,True,False,8.2,0.0,Weak,86.2,100.0,53.8,88.8,82.1,89.3,0.893,High,True
577,0,4,4,4,0,4,1,4,0,3,4,0,0,0,1,2,2,4,1,0,13,True,True,True,True,False,False,85.2,100.0,Strong,0.0,8.8,22.5,27.5,13.3,8.0,0.08,Low,True
578,1,4,0,3,0,4,0,4,0,4,3,1,0,4,3,2,2,3,1,0,10,True,True,True,False,False,False,59.5,100.0,Strong,36.2,0.0,15.0,32.5,21.1,12.7,0.127,Low,True
579,2,3,0,2,4,0,2,4,4,2,1,3,0,4,4,1,3,2,2,4,9,False,True,False,False,False,False,42.3,75.5,Strong,66.2,67.5,37.5,56.2,57.4,44.2,0.442,Moderate,True
580,3,2,4,1,4,0,3,4,4,1,2,2,4,4,1,2,2,3,2,4,6,True,True,True,False,False,False,35.7,59.5,Moderate,56.2,76.2,57.5,52.5,60.8,52.7,0.527,Moderate,True
581,4,0,0,0,4,0,4,0,4,1,0,4,4,0,2,4,4,2,4,4,7,False,True,True,True,False,False,42.6,71.0,Strong,100.0,96.2,95.0,90.0,95.8,69.1,0.691,Moderate,True
582,2,0,0,0,4,4,3,0,4,2,0,4,4,0,0,3,4,1,4,4,7,False,True,False,False,False,False,32.9,44.8,Moderate,87.5,57.5,100.0,88.8,83.4,72.1,0.721,High,True
583,4,0,0,1,4,4,3,0,0,2,3,2,4,4,3,2,3,1,2,4,9,False,True,False,False,True,False,10.6,2.7,Weak,95.0,37.5,46.2,67.5,62.9,76.7,0.767,High,True
584,4,0,4,1,4,0,3,0,4,2,1,4,4,0,1,4,2,1,2,0,8,False,True,False,False,False,True,26.3,38.8,Weak,70.0,87.5,91.2,60.0,77.7,71.1,0.711,High,True
585,0,2,0,2,0,4,3,0,4,1,4,1,4,4,3,2,1,4,2,0,10,True,True,False,False,True,False,14.3,13.8,Weak,42.5,61.2,33.8,27.5,42.0,59.7,0.597,Moderate,True
586,1,3,4,4,0,0,0,4,0,3,3,0,0,4,4,2,2,1,1,0,15,True,True,True,True,False,False,98.3,100.0,Strong,10.0,33.8,6.2,42.5,21.5,12.9,0.129,Low,True
587,3,1,0,0,0,0,4,4,4,1,0,4,4,0,0,3,3,2,4,0,8,True,True,False,False,False,True,31.9,53.2,Moderate,75.0,81.2,100.0,63.8,80.6,67.1,0.671,Moderate,True
588,2,2,4,3,0,0,4,0,0,1,1,3,4,0,0,4,4,1,3,4,11,True,True,False,False,False,False,62.7,100.0,Strong,25.0,76.2,87.5,90.0,66.4,39.8,0.398,Low,True
589,2,2,4,3,0,4,4,0,4,1,3,1,0,4,2,3,3,3,2,0,6,True,True,True,False,False,False,35.7,59.5,Moderate,25.0,66.2,17.5,48.8,38.2,39.1,0.391,Low,True
590,0,4,4,4,0,4,1,0,0,3,3,0,0,4,4,1,2,3,3,4,14,True,True,True,True,False,False,91.8,100.0,Strong,0.0,23.8,6.2,51.2,17.8,10.7,0.107,Low,True
591,4,2,0,1,0,0,2,0,0,3,1,3,4,0,1,3,4,0,4,4,7,False,True,False,False,False,True,23.0,18.3,Weak,72.5,58.8,85.0,93.8,76.4,78.5,0.785,High,True
592,3,0,4,1,0,0,1,0,4,1,2,0,4,0,4,2,2,1,3,4,8,True,True,True,False,True,False,11.9,14.8,Weak,48.8,81.2,52.5,67.5,61.6,71.0,0.71,High,True
593,0,4,4,4,0,0,2,4,0,3,3,1,4,4,3,1,0,1,0,0,9,True,True,False,False,False,False,51.3,95.5,Strong,0.0,43.8,40.0,21.2,25.2,16.9,0.169,Low,True
594,2,1,0,0,4,0,4,0,0,0,1,3,0,0,0,4,4,0,4,4,11,False,True,True,False,True,False,14.2,13.7,Weak,83.8,80.0,62.5,100.0,80.8,83.0,0.83,High,True
595,3,0,0,3,4,0,3,0,0,2,1,4,4,0,1,3,3,1,2,4,5,True,True,True,False,False,False,29.8,49.7,Moderate,78.8,67.5,91.2,73.8,78.1,67.0,0.67,Moderate,True
596,3,2,4,1,0,0,2,0,4,2,2,4,4,0,0,1,2,2,2,0,11,False,True,False,False,False,True,36.2,55.3,Moderate,41.2,82.5,87.5,36.2,62.1,55.1,0.551,Moderate,True
597,3,3,4,2,4,0,3,4,0,1,2,3,4,0,3,3,4,2,3,4,10,False,True,True,True,False,False,60.9,100.0,Strong,47.5,56.2,73.8,78.8,62.5,37.5,0.375,Low,True
598,0,1,4,1,0,4,2,4,0,3,3,0,0,4,4,2,2,4,3,0,4,False,True,True,False,False,False,20.7,29.5,Weak,26.2,13.8,6.2,37.5,20.4,40.4,0.404,Moderate,True
599,1,2,4,2,4,4,3,4,4,1,1,3,4,0,1,3,2,2,2,4,14,False,True,True,False,False,False,72.4,100.0,Strong,38.8,46.2,85.0,63.8,57.2,34.3,0.343,Low,True
600,4,0,0,1,4,0,4,0,4,2,2,4,4,0,2,3,4,0,4,4,9,False,True,False,False,True,False,10.6,2.7,Weak,95.0,92.5,82.5,93.8,91.0,93.5,0.935,High,True
601,0,4,0,2,4,4,1,4,4,2,1,2,4,0,1,2,3,2,2,0,4,True,True,False,False,False,True,16.0,11.7,Weak,50.0,32.5,78.8,47.5,52.3,66.7,0.667,Moderate,True
602,3,2,4,3,0,4,2,0,0,3,0,4,0,0,1,3,1,3,2,0,9,True,True,True,True,False,True,41.3,78.8,Strong,31.2,28.8,72.5,38.8,42.4,33.9,0.339,Low,True
603,2,3,0,1,0,4,1,4,0,3,1,1,4,4,3,0,1,2,1,0,9,False,True,False,False,False,False,42.3,75.5,Strong,56.2,8.8,52.5,20.0,36.2,31.5,0.315,Low,True
604,3,3,0,1,4,0,3,0,4,2,0,4,4,0,1,2,0,1,1,4,12,True,True,False,False,False,True,47.9,79.8,Strong,77.5,87.5,97.5,47.5,79.0,55.5,0.555,Moderate,True
605,3,1,4,0,4,0,1,0,4,1,2,2,4,4,2,3,3,1,3,0,6,False,True,True,False,True,False,7.8,0.0,Weak,65.0,81.2,55.0,63.8,66.3,79.8,0.798,High,True
606,4,1,4,1,0,4,3,0,4,1,2,3,0,4,2,3,4,2,3,0,4,True,True,True,True,True,False,6.6,0.0,Weak,51.2,61.2,36.2,63.8,52.5,71.5,0.715,High,True
607,2,2,4,3,0,4,1,0,0,2,1,2,4,4,0,2,1,2,1,4,14,False,True,False,True,False,False,82.0,100.0,Strong,25.0,27.5,66.2,47.5,40.4,24.2,0.242,Low,True
608,1,3,0,3,0,4,2,4,0,3,2,0,0,4,4,1,1,3,1,0,11,True,True,True,True,False,False,72.1,100.0,Strong,40.0,13.8,12.5,21.2,22.8,13.7,0.137,Low,True
609,2,1,0,0,0,0,4,0,4,1,3,2,0,0,2,2,3,3,3,0,4,False,True,False,False,True,False,4.7,0.0,Weak,68.8,96.2,38.8,47.5,63.9,78.3,0.783,High,True
610,2,0,4,1,0,4,1,4,0,2,4,1,0,4,3,3,0,1,2,4,9,True,True,True,False,False,False,53.6,100.0,Strong,42.5,12.5,8.8,58.8,29.8,17.9,0.179,Low,True
611,3,2,4,1,4,0,4,4,4,1,1,3,4,0,0,0,3,1,4,4,9,False,True,False,False,False,False,42.3,75.5,Strong,56.2,81.2,87.5,65.0,72.1,53.1,0.531,Moderate,True
612,1,1,0,3,0,0,1,4,0,3,3,3,0,0,3,3,1,1,2,4,10,True,True,True,True,False,False,65.5,100.0,Strong,47.5,38.8,42.5,63.8,47.3,28.4,0.284,Low,True
613,4,3,0,0,4,4,2,0,4,3,0,3,0,4,2,3,2,1,4,0,5,True,True,True,False,False,False,29.8,49.7,Moderate,88.8,48.8,48.8,63.8,63.8,58.4,0.584,Moderate,True
614,0,2,4,2,4,0,4,0,4,0,3,0,4,4,3,2,4,2,3,4,8,False,True,True,False,True,True,7.2,0.0,Weak,32.5,100.0,33.8,72.5,57.7,74.6,0.746,High,True
615,4,1,4,1,0,0,2,0,0,1,2,2,4,0,4,3,3,1,3,0,7,True,True,False,False,False,False,39.9,61.5,Moderate,51.2,66.2,65.0,63.8,60.9,51.9,0.519,Moderate,True
616,4,0,0,1,4,0,4,0,4,1,1,2,4,0,1,4,1,3,2,4,9,False,True,True,False,True,False,11.6,9.3,Weak,95.0,96.2,78.8,60.0,84.2,86.8,0.868,High,True
617,2,1,0,2,0,4,2,0,4,3,2,1,4,4,2,2,2,1,2,4,11,False,True,True,True,True,False,16.7,22.8,Weak,58.8,48.8,48.8,62.5,54.5,63.6,0.636,Moderate,True
618,0,1,0,2,0,4,0,0,0,3,2,2,4,4,2,0,1,4,2,4,4,False,True,True,True,False,False,24.3,40.5,Moderate,46.2,18.8,55.0,30.0,38.3,46.8,0.468,Moderate,True
619,2,3,4,2,4,0,3,0,4,1,0,4,4,0,1,1,2,2,1,0,10,False,True,True,False,False,False,51.7,96.2,Strong,41.2,91.2,97.5,31.2,65.8,41.0,0.41,Moderate,True
620,0,4,4,2,0,4,1,0,4,1,3,2,4,4,3,0,1,4,0,4,10,False,True,False,False,False,False,47.0,83.3,Strong,10.0,51.2,46.2,20.0,31.4,25.5,0.255,Low,True
621,1,3,4,3,0,0,3,0,4,0,4,2,0,4,2,1,1,3,2,0,11,True,True,True,False,False,False,65.5,100.0,Strong,15.0,95.0,17.5,26.2,37.9,22.7,0.227,Low,True
622,2,2,4,2,0,4,2,4,4,2,3,2,0,0,2,2,3,1,3,4,8,False,True,False,False,False,False,37.6,67.7,Moderate,30.0,37.5,38.8,72.5,42.6,38.5,0.385,Low,True
623,3,1,4,1,0,0,3,0,0,0,3,2,0,4,3,4,3,1,3,4,11,True,True,False,False,True,False,15.7,16.2,Weak,45.0,75.0,21.2,85.0,54.6,66.3,0.663,Moderate,True
624,3,1,0,2,0,4,3,4,4,1,1,1,4,0,2,3,4,1,3,4,12,False,True,False,False,False,False,56.4,99.0,Strong,65.0,46.2,70.0,83.8,65.3,39.6,0.396,Low,True
625,4,3,0,3,4,0,1,4,0,2,2,2,4,4,1,1,1,2,2,0,9,False,True,False,False,False,False,42.3,75.5,Strong,73.8,42.5,57.5,31.2,53.4,41.8,0.418,Moderate,True
626,2,1,4,1,4,0,3,0,4,0,2,3,0,4,2,4,3,1,3,4,8,True,True,True,True,True,False,13.1,21.8,Weak,53.8,95.0,36.2,85.0,65.9,70.8,0.708,High,True
627,4,3,0,2,4,4,4,4,4,2,2,3,4,0,2,3,4,1,3,4,11,False,True,False,True,False,False,64.4,100.0,Strong,78.8,47.5,76.2,83.8,71.3,42.8,0.428,Moderate,True
628,0,4,0,3,0,4,1,4,4,2,2,3,0,0,2,2,0,1,1,4,13,False,True,False,False,False,False,61.1,100.0,Strong,30.0,32.5,51.2,47.5,39.4,23.6,0.236,Low,True
629,3,0,0,2,4,4,2,4,0,2,2,2,0,0,1,3,4,0,3,0,7,False,True,False,False,False,True,23.0,18.3,Weak,83.8,17.5,47.5,73.8,56.1,66.3,0.663,Moderate,True
630,4,0,0,0,4,4,3,0,4,1,2,1,4,4,1,4,3,0,4,4,4,True,True,False,False,False,False,22.8,33.0,Weak,100.0,61.2,51.2,95.0,77.1,73.1,0.731,High,True
631,1,3,0,4,0,4,0,4,4,3,3,2,0,4,3,2,3,3,2,4,12,True,True,True,False,False,True,50.0,88.3,Strong,35.0,23.8,21.2,57.5,33.2,24.6,0.246,Low,True
632,1,2,0,2,4,0,1,4,0,4,4,0,0,4,3,0,1,4,0,0,6,True,True,True,True,False,True,27.5,40.8,Moderate,63.8,35.0,2.5,5.0,29.5,41.4,0.414,Moderate,True
633,4,0,0,0,4,0,3,0,4,1,3,2,4,4,2,4,3,1,4,4,4,True,True,True,False,False,False,23.8,39.7,Weak,100.0,91.2,48.8,90.0,83.0,73.9,0.739,High,True
634,2,3,0,2,0,0,3,0,4,1,1,2,4,0,1,3,2,2,2,4,7,False,True,False,False,False,False,32.9,44.8,Moderate,51.2,91.2,78.8,63.8,70.6,64.4,0.644,Moderate,True
635,3,1,0,1,0,4,3,0,4,0,2,2,0,0,2,2,4,1,3,4,9,False,True,False,False,True,False,10.6,2.7,Weak,70.0,65.0,45.0,77.5,64.0,77.3,0.773,High,True
636,2,1,0,1,4,4,1,4,4,3,3,2,0,4,1,3,2,2,2,4,11,False,True,True,True,False,False,67.0,100.0,Strong,78.8,28.8,26.2,63.8,50.1,30.1,0.301,Low,True
637,3,1,0,3,4,4,3,0,4,3,2,2,4,4,1,1,3,1,0,0,9,False,True,True,True,True,False,13.7,17.8,Weak,75.0,53.8,57.5,36.2,57.6,67.4,0.674,Moderate,True
638,4,0,0,0,4,0,3,0,4,1,3,2,4,0,0,2,3,1,2,4,6,False,True,True,False,True,False,7.8,0.0,Weak,100.0,91.2,68.8,67.5,83.5,90.1,0.901,High,True
639,0,4,4,4,0,0,1,0,4,2,3,3,0,4,3,1,1,3,0,0,12,True,True,True,False,False,True,50.0,88.3,Strong,0.0,77.5,27.5,16.2,29.5,22.4,0.224,Low,True
640,2,1,0,4,0,0,2,4,4,1,2,1,0,4,2,3,3,3,2,4,10,True,True,True,False,False,False,59.5,100.0,Strong,48.8,71.2,23.8,63.8,51.1,30.7,0.307,Low,True
641,4,1,4,1,4,0,3,0,4,0,2,4,0,0,0,3,4,1,3,4,6,False,True,True,True,False,False,36.5,60.8,Moderate,66.2,95.0,62.5,83.8,76.0,61.3,0.613,Moderate,True
642,3,2,4,2,0,0,1,0,0,3,4,1,0,4,4,2,2,4,2,4,10,False,True,False,True,True,False,14.6,14.3,Weak,36.2,53.8,6.2,47.5,35.4,55.5,0.555,Moderate,True
643,2,3,4,3,0,0,0,0,0,4,4,0,0,4,4,1,0,4,0,0,7,True,True,True,False,False,False,41.7,69.5,Moderate,21.2,45.0,0.0,6.2,18.9,23.5,0.235,Low,True
644,3,1,0,0,4,0,3,0,4,0,3,0,4,4,3,1,3,1,1,0,5,False,True,False,False,False,False,23.5,29.2,Weak,90.0,95.0,33.8,41.2,67.4,68.8,0.688,Moderate,True
645,2,4,4,1,4,0,2,0,4,0,0,4,4,0,1,1,2,3,1,0,7,True,True,False,False,False,False,39.9,61.5,Moderate,42.5,90.0,97.5,26.2,64.9,54.3,0.543,Moderate,True
646,3,3,0,4,4,0,4,0,4,0,1,4,4,0,3,2,1,1,1,4,12,False,True,True,True,False,False,73.0,100.0,Strong,62.5,100.0,86.2,52.5,75.8,45.5,0.455,Moderate,True
647,3,1,0,1,0,0,4,4,0,2,4,1,0,4,4,2,2,1,2,0,4,True,True,True,False,False,True,16.7,17.8,Weak,70.0,57.5,6.2,47.5,46.4,60.7,0.607,Moderate,True
648,3,1,0,0,4,0,4,0,4,0,1,3,4,0,1,4,4,0,4,4,6,False,True,True,False,False,False,31.0,46.7,Moderate,90.0,100.0,85.0,100.0,93.2,77.2,0.772,High,True
649,3,1,0,1,4,0,0,0,4,0,1,3,4,0,0,0,1,2,2,0,5,False,True,False,True,False,True,20.5,19.2,Weak,85.0,80.0,87.5,25.0,72.4,75.8,0.758,High,True
650,3,1,0,1,4,0,2,0,0,3,4,4,0,4,2,2,3,3,1,4,6,False,True,False,True,True,False,8.8,0.0,Weak,85.0,58.8,30.0,52.5,58.2,74.9,0.749,High,True
